Aaron
Abbs
Abdul
Abi
Abner
Abou
Absalom	Absalom	Absalón
Abso
Abyssinia	Abisinia	Abyssinia
Acc
Ach
Achille
Achmed
Achtung
Ack
Acuna	Acuna	Acuña
Ada
Adama
Ade
Adele
Adelina
Adriana
Adrianna
Adrien
Aegeus	Aegeus	Egeo
Aeryn
Aesop	Aesop	Esopo
Aetius	Aecio	Aetius
Afghanistan	Afganistán	Afghanistan
Afis
Africa	Africa	África
Agamemnon	Agamemnon	Agamenón
Agasshi
Agata
Agrippa	Agripa	Agrippa
Agrippina
Agustin	Agustin	Agustín
Ahab	Acab	Ahab
Ahjusshi
Ahn
Aibileen
Aida
Aiden
Aime
Aish
Aisha
Ajay
Ajumma
Ajussi
Akashic	Akashic	Akáshico
Akbar
Akhenaten	Akhenaten	Akhenaton
Aks
Alabama
Alaikum
Alain
Alan
Alaric	Alaric	Alarico
Alaska
Albany
Alberta
Albright
Albuquerque
Aldo
Aldous
Alejandro
Alexander	Alejandro	Alexander
Alexandra
Alexandre
Alexandria	Alejandría	Alexandria
Alexei
Alexey
Alexx
Alfie
Alfonso
Algeria	Algeria	Argelia
Algiers	Algiers	Argel
Ali
Alla
Alles
Alli
Allie
Allons
Alonzo
Alors
Aloysha
Alphonse	Alfonso	Alphonse
Alps	Alpes	Alps
Alraune
Alsace	Alsace	Alsacia
Alyssa
Alzheimer
Ama
Aman
Ambrose	Ambrose	Ambrosio
Ambu
Ame
Amelia
America
Americas	Americas	Américas
Ames
Amma
Amman
Ammi
Amnio
Amore
Amos	Amos	Amós
Ams
Amtrak
Amun	Amun	Amón
Anais
Anatole
Andale
Andalusia	Andalucía	Andalusia
Andersons	Anderson	Andersons
Anderton
Andie
Andit
Andorian	Andorian	Andoriano
Andorians	Andorianos	Andorians
Andres
Andrew	Andrew	Andrés
Andrews
Andromeda	Andromeda	Andrómeda
Andronicus	Andronicus	Andrónico
Ane
Ange
Angeles	Angeles	Ángeles
Angelique
Angkor
Anglais
Anibal
Anja
Anjali
Ann	Ana	Ann
Annabelle
Annabeth
Annapolis
Annette
Annie
Annika
Ans
Anthony	Anthony	Antonio
Antioch	Antioch	Antioquía
Antoinette	Antoinette	Antonieta
Antonio
Antwerp	Amberes	Antwerp
Antxon
Anya
Apa
Aphrodite	Afrodita	Aphrodite
Apophis
Apos
Appelle
April	April	abril
Apu
Aquaman
Aquinas	Aquinas	Aquino
Archimedes	Archimedes	Arquímedes
Arert
Arf
Argh
Argo
Aristotle	Aristotle	Aristóteles
Arizona
Arjun
Arkady
Arlene
Arlo
Armando
Arminius	Arminio	Arminius
Armstrong
Arnie
Arrgh
Artemis	Artemis	Artemisa
Artoo	Artoo	Erredós
Asgard
Asgardian	Asgardian	Asgardiano
Ashleigh
Asi
Aspirin	Aspirin	Aspirina
Asta
Astrid
Astrometrics	Astrometrics	Astrometría
Ata
Atf
Athens	Atenas	Athens
Atlanta
Atrian
Atrians	Atrianos	Atrians
Att
Attenborough
Attica	Attica	Ática
Atticus
Attila	Atila	Attila
Audry
Augie
Augustina	Agustina	Augustina
Augustine	Agustín	Augustine
Augustus	Augusto	Augustus
Aulus	Aulo	Aulus
Aurelius
Ausa
Austin
Australia
Austria
Aut
Autobot
Autolycus
Avila	Avila	Ávila
Awa
Aya
Ayoung
Azerbaijan	Azerbaijan	Azerbaiyán
Bac
Bada
Bae
Baek
Baghdad	Bagdad	Baghdad
Bahrain	Bahrain	Bahréin
Bajoran	Bajoran	Bajorano
Bajorans	Bajoranos	Bajorans
Bak
Bal
Baldies	Baldies	Calvos
Bali
Ballers
Baltar
Balthazar	Baltasar	Balthazar
Baltimore
Bama
Bangkok
Baptiste
Bapu
Barabbas	Barabbas	Barrabás
Barack
Barao
Barbara	Barbara	Bárbara
Barbarossa	Barbarossa	Barbarroja
Bardo
Barfly
Barnaby	Barnaby	Bernabé
Barnes
Barnum
Barry
Barton
Bas
Bascom
Baskervilles	Baskerville	Baskervilles
Basra	Basora	Basra
Bassett
Bastian
Bathsheba	Bathsheba	Betsabé
Batmobile	Batimóvil	Batmobile
Battlestar
Bau
Baudelaires
Bauer
Baxters
Baylor
Bea
Beaner
Beatle
Beatles
Beatrix	Beatrix	Beatriz
Beavis
Bebe
Bebo
Bec
Beca
Beckett
Becky
Beddy
Beecher
Beemer
Beethoven
Bef
Beijing
Bela
Belarus	Belarus	Bielorrusia
Belen	Belen	Belén
Belgrade	Belgrade	Belgrado
Believin
Belize	Belice	Belize
Belter
Belters
Beltran	Beltran	Beltrán
Bem
Bengal	Bengal	Bengala
Benghazi	Bengasi	Benghazi
Benjamin	Benjamin	Benjamín
Benji
Benjy
Bennetts
Bennie
Benton	Benton
Berger
Bernays
Bernice	Berenice	Bernice
Berta
Bertha	Berta	Bertha
Bes
Betazoid	Betazoid	Betazoide
Bethany	Betania	Bethany
Betsey
Bev
Beyonce	Beyonce	Beyoncé
Bhabhi
Bhai
Bhutan	Bhutan	Bután
Bianca
Biatch
Bic
Biddle
Bigelow
Bigs	Bigs	Grandes
Bim
Bioriod
Birmingham
Biryu
Bitcoin
Bitte
Bizarro
Bjorn
Bla
Blabbering	Balbuceo	Blabbering
Blackadder
Blackbeard	Barbanegra	Blackbeard
Blag
Blair
Blam
Blanche
Blane
Ble
Bleh
Bli
Blitzen
Blu
Blud
Bluto
Boatshed	Boatshed	Cobertizo
Bobbie
Bobble	Bobble	Borla
Bobo
Boff
Bogota
Bois
Bojack
Boleyn	Bolena	Boleyn
Bolly
Bols
Bom
Bombay
Bonaparte
Bonne
Boogey
Boonies
Bor
Borgia
Borgias
Borias
Bos
Bouche
Boyle
Boyo
Boyz
Brackenreid
Braddock
Bradley
Brady
Brainiacs
Brando
Bratty	Bratty	Malcriado
Breathin	Breathin	Respirando
Breen
Brendan
Brendon
Bret
Brett
Brewski
Bri
Brian
Brice
Bridezilla
Bridgette
Brien
Brillo
Bris
Britain	Bretaña	Britain
Britney
Briton	Briton	Británico
Bromance
Bronte
Bronx
Brooklyn
Broots
Browne
Bru
Bruce
Brunhilde	Brunhilde	Brunilda
Brutus	Bruto	Brutus
Bryan
Bryce
Bubba
Bubbie
Bubby
Buchanan
Bucharest	Bucarest	Bucharest
Budapest
Buenas
Bueno
Bufalo	Bufalo	Búfalo
Bugsy
Bukowski
Bundt
Buona
Bup
Burma	Birmania	Burma
Burqa	Burka	Burqa
Busan
Byers
Cabron
Cadfael
Caesar	Caesar	César
Cahill
Caiaphas	Caiaphas	Caifás
Caitlyn
Caitriona
Caius	Caius	Cayo
Calcutta	Calcuta	Calcutta
Calderon
Caldwell
Cali
Caliban
California
Caligula	Caligula	Calígula
Callen
Caltech
Cambodia	Cambodia	Camboya
Cambridge
Cameron
Cameroon	Cameroon	Camerún
Camilla
Camillo	Camillo	Camilo
Campbell
Campbells
Canada	Canada	Canadá
Canaveral	Canaveral	Cañaveral
Cancun
Cankles
Cannae	Cannae	Cannas
Canton	Canton	Cantón
Capades
Capeside
Capiche
Capisce
Capitain	Capitain	Capitán
Capitan	Capitan	Capitán
Cappella
Cappy
Caprica
Capulets	Capuletos	Capulets
Cardassian	Cardassian	Cardassiano
Cardassians	Cardassianos	Cardassians
Carl
Carlisle
Carlito
Carlotta	Carlota	Carlotta
Carmela
Carnies
Caro
Carolina
Carpathian	Carpathian	Cárpatos
Carpe
Carrie
Carson
Cary
Cas
Casa
Casey
Cass
Cassidy
Cassie
Cassio
Cassius
Castile	Castile	Castilla
Castro
Catalina
Catalonia	Catalonia	Cataluña
Caterina
Catherine	Catalina	Catherine
Cavaliere
Cayetano
Cece
Cecile
Cecilia
Cedar	Cedar	Cedro
Ceddie
Cee
Ceftriaxone	Ceftriaxona	Ceftriaxone
Cesar
Cesare
Cetera
Ceylon	Ceilán	Ceylon
Cha
Chad
Chae
Chaim	Chaim	Jaim
Chaka
Chakotay
Chakra
Chanel
Charlemagne	Carlomagno	Charlemagne
Charles
Charley
Charlotte
Charly
Charmaine
Charmcaster
Chavez	Chavez	Chávez
Chaz
Chazz
Cheapo
Checco
Chechnya	Chechenia	Chechnya
Cheech
Chelsea
Chennai
Cheon
Chere
Cheri
Cherie
Chernobyl
Chester
Chet
Chia	Chia	Chía
Chicago
Chile
Chinny
Chisholm
Chitlins
Chlo
Choi
Chompers
Chri
Chris
Chrismukkah
Chrissake	Chrissake
Christa
Christine
Christo
Christoph
Chronos
Chu
Chul
Chupacabra
Cincinnati
Cinderelly	Cenicienta	Cinderelly
Cindy
Citroen
Clarice
Clarissa
Clark
Claudia
Claudius	Claudio	Claudius
Cleary
Cleitus	Cleitus	Clito
Clemence	Clemence	Clemencia
Cleon
Clesius
Clickety
Clinton
Clintons
Clit	Clit	Clítoris
Clo
Cmdr
Coags
Cody
Coffe	Café	Coffe
Cojones
Colette
Collins
Colm
Cologne	Cologne	Colonia
Colombia
Coltan
Columbia
Columbo
Comme	Comme	Ven
Commendatore
Commish
Commissaire	Comisario	Commissaire
Como
Comte
Comtesse	Comtesse	Condesa
Concetta
Cong
Conman	Conman	Estafador
Connecticut
Connell
Cono
Conor
Conrad
Constantinople	Constantinopla	Constantinople
Consuela
Contessa
Cooch
Coolio
Cooter
Cooze
Copernicus	Copernicus	Copérnico
Coppens
Copperfield
Coq
Cora
Cordelia
Cordoba	Cordoba	Córdoba
Cordova	Cordova	Córdoba
Cordy
Corfu	Corfu	Corfú
Corinne
Cornelius	Cornelio	Cornelius
Cornell
Cornwall	Cornualles	Cornwall
Corrine
Cortez
Cory
Cosette
Cossacks	Cosacos	Cossacks
Cou
Coun
Cour
Coyopa
Cpl	CPL	Cpl
Cracow	Cracovia	Cracow
Cragen
Crapola
Crassus	Craso	Crassus
Crawford
Cressida	Cressida	Crésida
Crichton
Crike
Cris
Criss
Cristina
Cristo
Cristobal	Cristobal	Cristóbal
Cro
Croatia	Croacia	Croatia
Cronus	Cronos	Cronus
Cruisin
Crunk
Csi	CSI	Csi
Csu	CSU	Csu
Cuba
Cubbies
Cula
Cunty	Coño	Cunty
Curlies	Curlies	Rizos
Cuse
Cush
Cylons
Cynthia
Cyprus	Chipre	Cyprus
DNA	ADN	DNA
Dadda	Dadda	Papá
Dade
Dadgum
Dae
Daedalus	Daedalus	Dédalo
Dai
Dalek
Daleks
Dallas
Daly
Damian
Dani
Daniela
Daniella
Danielle
Daniken
Dantes
Daph
Dar
Daren
Daria
Dario	Dario	Darío
Darl	Cariño	Darl
Darlene
Darndest	Darndest	Maldito
Darnell
Darren
Dartmouth
Darwin
Daryl
Das
Dats
Dave
David
Davie
Davis
Dea	DEA	Dea
Deaky
Dealio
Deanna
Debbie
Deborah	Deborah	Débora
Debra
December	December	diciembre
Decepticon
Decepticons
Decon
Dede	Dede	Dedé
Deeks
Defib
Deke
Delhi
Delilah	Dalila	Delilah
Delinda
Dell
Delores
Dementors	Dementores	Dementors
Demetrius	Demetrio	Demetrius
Democritus	Democritus	Demócrito
Denice
Denmark	Denmark	Dinamarca
Dennis
Denobulan	Denobulan	Denobulano
Denver
Deok
Dep
Depp
Dere
Ders
Deschamps
Desdemona	Desdemona	Desdémona
Desi
Desiree
Det
Deus
Dev
Devin
Devlin
Dia
Diana
Diangelo
Dianne
Dias
Dickens
Dickensian	Dickensian	Dickensiano
Dickface
Dickie
Dickless
Dickweed
Dico
Didrt
Dieu
Dif
Dimitri
Dina
Dinah
Dingleberry
Dingus
Dinozzo
Dio
Dios
Dioxin	Dioxin	Dioxina
Disney
Dispo
Dit
Ditz
Divya
Dix
Djing
Dmitri
Dmitrievna
Dmitry
Dmv
Dob
Doberman	Caballero	Doberman
Dod
Doesrt
Dogg
Doggett
Doke
Dokko
Doktor
Dolokhov
Dolores
Dominatrix
Donahues
Donde
Donk
Donnell
Donnie
Dooley
Dorinda
Dork	Dork	Idiota
Dosh
Dostoevsky	Dostoevsky	Dostoievski
Dostoyevsky	Dostoievski	Dostoyevsky
Dottore
Dou
Dougie
Dov
Dovey
Downbelow	Abajo	Downbelow
Doy
Draconians	Draconianos	Draconians
Dram	Dracma	Dram
Drano
Dre
Dreamin	Dreamin	Soñando
Dri
Droids	Droides	Droids
Dropship
Drs	Doctores	Drs
Drusilla
Drusus	Druso	Drusus
Dubbie
Dubcek
Duc
Dumbshit	Dumbshit	Estupidez
Dupree
Duran
Durant
Dwarves	Dwarves	Enanos
Dwayne
Earps	Earps	Orejas
Earther
Earthers
Eau
Ecclesiastes	Ecclesiastes	Eclesiastés
Ecmo
Eco
Edie
Edith
Edna
Edo
Edoardo
Eds
Eduardo
Edwina
Eeh
Eejit
Eek
Eenie
Eeny
Eeyore
Effie
Egbert
Egypt	Egipto	Egypt
Ehi
Ehm
Ein
Einstein
Eldorado
Elijah
Elizabeth
Ellen
Ellis
Ello
Elly
Elm	Elm	Olmo
Eloise
Elsa
Elven	Elfo	Elven
Elvises
Elwood
Elysees	Elysees	Elíseos
Emilia
Emilie	Emilia	Emilie
Emilio
Emmy
Emp
Ems
Enceladus	Encelado	Enceladus
Energon
England	England	Inglaterra
Enoch	Enoc	Enoch
Eonni
Eoraha
Ephram	Efram	Ephram
Epi
Epipen
Epithelials	Epiteliales	Epithelials
Eppes
Eps
Ereira
Eren
Eric
Erika
Ert
Erv
Esau	Esau	Esaú
Ese
Esketh
Esme
Esmerelda	Esmeralda	Esmerelda
Esn
Esta
Esteban
Estelle
Estonians	Estonians	Estonios
Etruscans	Etruscans	Etruscos
Euh
Eurgh
Euripides	Euripides	Eurípides
Europe	Europa	Europe
Eurotrash
Eurydice	Eurydice	Eurídice
Evals
Evans
Evey
Evie
Evite
Eyad
Fabio
Fabius	Fabio	Fabius
Fac
Fae
Fahrenheit
Fairfax
Falk
Falklands	Falklands	Malvinas
Fallujah	Fallujah	Faluya
Fargo
Farrell
Farrells
Farty
Fatale	Fatal	Fatale
Fath
Fatima	Fatima	Fátima
Fav
Fava
Faye
Fbi
Feathersmith
February	February	febrero
Fecking	Fecking	Follando
Federale
Fedex
Fedya
Feets	Feets	Pies
Fei
Fel
Felicia
Fema
Fenner
Fer
Ferengi
Ferraris
Fettuccine
Fez
Fianc
Fides
Figgy
Fiji	Fiji	Fiyi
Fil
Filipe
Filippo
Fimpen
Finito
Fisk
Fitton
Fitz
Flagg
Flavius	Flavio	Flavius
Fleek
Fleischman
Flicka
Florence	Florence	Florencia
Florida
Floyd
Foie
Foosa
Fora	Fora	Para
Fou
Foust
Foyle
Fozzie
Fra
Fraiche
Fraid	Asustado	Fraid
Fraidy
Frak
Fran
France	France	Francia
Francesca
Francie
Francine
Francis
Franck
Frannie
Franny
Frasier
Frat	Frat	Fraternidad
Freakazoid	Freakazoid	Freakazoide
Fred
Freddo
Frederico
Frell
Frenchie
Frenchies
Freya
Frick
Frickin
Friday	Friday	viernes
Frieda
Frien
Frieza	Freezer	Frieza
Frisco
Frittata
Frohike
Froot
Frosh
Froyo
Frs	Frs	Padres
Fuckwad
Fuehrer	Fuehrer	Führer
Funyuns
Fuzzies
Fyodor
Gabi
Gabon	Gabon	Gabón
Gabriel
Gabriella
Gabrielle
Gaddafi	Gadafi	Gaddafi
Gaius	Gaius	Gayo
Galactica	Galactica	Galáctica
Galan	Galan	Galán
Gallaghers
Gams
Gandhi
Garcia
Gary
Gatling
Gators	Caimanes	Gators
Gaydar
Ged
Gefilte
Gelato	Gelato	Helado
Geneva	Geneva	Ginebra
Genevieve
Genghis
Genny
Genoa	Genoa	Génova
Geordi
Geordie
George	George	Jorge
Georgia
Georgy
Geppetto
Gerald
Germaine
Germanicus	Germanicus	Germánico
Germany	Alemania	Germany
Geronimo	Geronimo	Gerónimo
Gerren
Gervase	Gervase	Gervasio
Gether
Gettysburg
Ghostbuster	Cazafantasmas	Ghostbuster
Gia
Giacomo
Gianni
Gibraltar
Giddyap
Gigetto
Gigi
Gil
Gim	Dame	Gim
Gimmie
Ginny
Ginormous	Descomunal	Ginormous
Giorno
Giovanna
Gir
Giselle
Gitmo
Giulia
Giza
Gladys
Glasgow
Glenda
Glenn
Glo
Gls
Gobby
Goddard
Goebbels
Goering
Goeth
Gog
Gogo
Goku
Gol
Golgotha	Golgotha	Gólgota
Gomer
Gomorrah	Gomorra	Gomorrah
Gona
Gonzales
Gonzalez	Gonzalez	González
Google
Goombah
Goona
Goran
Gord
Gordan	Gordan	Jordán
Gordo
Gordy
Gotham
Gots
Gott
Gps	GPS	Gps
Gra
Gracie
Graf
Gramps	Abuelo	Gramps
Gran
Granpa	Abuelo	Granpa
Gravitas
Graysons
Greco
Greece	Grecia	Greece
Greenie
Greenland	Greenland	Groenlandia
Greenwich
Greg
Gregor
Grenada	Granada	Grenada
Greta
Griff
Grigory
Grimoire	Grimoire	Grimorio
Grisha
Grissom
Groupon
Grunkle
Guadeloupe	Guadalupe	Guadeloupe
Guaran
Gue	Adivina	Gue
Guero
Guerre
Guido
Guillaume
Guinea
Guinevere	Ginebra	Guinevere
Gung
Gunnar
Gunney
Gunther
Gurneys	Camillas	Gurneys
Gus
Gustav
Guten
Gyno
Gyung
Hab
Habla
Hadrian	Adriano	Hadrian
Hague	Hague	Haya
Haif
Hailey
Haiti	Haiti	Haití
Haji
Haley
Halfling
Halfsies
Hallie
Halloran
Haman	Amán	Haman
Hamas	Hamas	Hamás
Hamburg	Hamburg	Hamburgo
Hamptons
Handi
Hankey
Hanover	Hanover	Hanovre
Hanukkah	Hanukkah	Janucá
Happ	Feliz	Happ
Hapsburg	Habsburgo	Hapsburg
Haran	Haran	Harán
Hari
Harlem
Harley
Harris
Haru
Harvard
Harvey
Hasta
Hathor
Hattie
Havert
Havisham
Hawthorne
Hayden
Hayley
Hazzard
Hea
Hecate	Hecate	Hécate
Hed
Hehe	Hehe	Jeje
Hei
Helen
Helene
Hella
Heloise
Helter
Henrietta	Enriqueta	Henrietta
Heraclitus	Heraclitus	Heráclito
Herbert
Herbie
Hercule	Hercule	Hércules
Hernan
Hernandez
Hernando
Herrmann
Hesam
Hester
Hetty
Heya
Hezbollah
Hidey
Hildy
Hillary
Hindley
Hindustan	Hindustan	Indostán
Hiney
Hiro
Hitler
Hittites	Hititas	Hittites
Hiya	Hiya	Hola
Hodja
Hogfather
Hoh
Hoi
Hoity
Hol
Hollandaise	Holandesa	Hollandaise
Holocron	Holocron	Holocrón
Honda
Honnold
Honolulu	Honolulu	Honolulú
Hookfang
Hoovey
Horatio	Horacio	Horatio
Horndog
Horsie
Horsin
Hortense	Hortense	Hortensia
Hos
Hosea	Hosea	Oseas
Hoser
Hou
Houdini
Houston
Hua
Huck
Huey
Hugo
Humanich
Humanichs
Hummus
Humvee
Hunahpu
Hunny
Huston
Hye
Hyeong
Hynerian
Hyuk
Hyun
Hyung
Iana
Ibbetson
Iblis
Ibs	Ibs	SII
Ibuprofen	Ibuprofen	Ibuprofeno
Icarus	Icarus	Ícaro
Iceland	Iceland	Islandia
Ico
Icu
Ife
Ifl
Ight
Igor
Ilana
Ile
Illinois
Ilsa
Ilse
Ilya
Ilyich	Ilich	Ilyich
Imran
India
Indiana
Indonesia
Ine
Ines	Ines	Inés
Inga
Inigo	Inigo	Iñigo
Innit
Insta
Intel
Iowa
Iphone
Ipod
Iran
Iraq	Irak	Iraq
Ireland	Ireland	Irlanda
Irena
Irene
Irma
Irv
Isaiah	Isaiah	Isaías
Ise
Iseult	Iseult	Isolda
Ishmael	Ishmael	Ismael
Isolde	Isolda	Isolde
Israel
Israelite	Israelita	Israelite
Israelites	Israelitas	Israelites
Iss
Ist
Istanbul	Estanbul	Istanbul
Ita
Italy	Italia	Italy
Ite
Itsy
Itto
Ivanovich
Ives
Ixnay
Izzie
Izzy
Jackers
Jacko
Jackson
Jacksons
Jacky
Jaco
Jacquasse
Jacuzzi
Jae
Jaffa
Jailbait
Jakarta	Jacarta	Jakarta
Jakob
Jamaica
Jamal
James	Jaime	James
Jamie
Jammies
Jammin
Jandi
Janet
Janey
Jang
Janine
Janis
January	January	enero
Janus
Japan	Japan	Japón
Jared
Jaridian	Jaridian	Jaridiano
Jarod
Jas
Jason
Javi
Jawohl
Jazmin
Jeanne
Jeannie
Jeb
Jed
Jedi
Jeeves
Jeffers
Jefferson
Jeffries
Jellicle	Gelatina	Jellicle
Jem
Jenkins
Jenn
Jenna
Jennifer
Jeong
Jer
Jeremy
Jerkoff
Jerri
Jerusalem	Jerusalem	Jerusalén
Jesse
Jesu
Jethro
Jez
Jia
Jiggs
Jihadi	Jihadi	Yihadista
Jihadist	Jihadist	Yihadista
Jihadists	Jihadists	Yihadistas
Jill
Jillian
Jim
Jimbo
Jimi
Jimmie
Jing
Jinkies
Joao
Joaquim
Jodie
Jody
Joe	Joe	José
Johannesburg	Johannesburg	Johannesburgo
John
Johns
Johnson
Johnsons
Joie	Alegría	Joie
Jojo
Jokey	Chistoso	Jokey
Jolene
Jonathan
Joneses
Jonesy
Jonny
Joo
Joon
Jorge
Jose	Jose	José
Josef
Joseon
Josiah	Josiah	Josías
Josie	Josefina	Josie
Juarez	Juarez	Juárez
Jud
Judgey
Judgy
Jujitsu	Jiujitsu	Jujitsu
Juli
Julia
Julianne
Julie
Julien
Juliet	Juliet	Julieta
Juliette
Julio
July	July	julio
Junebug
Juniper	Enebro	Juniper
Junpyo
Justa
Justine
Jutsu
Juvie
Kabbalah	Kabbalah	Kábala
Kahn
Kaitlin
Kakarrot	Kakarotto	Kakarrot
Kal
Kandorians	Kandorianos	Kandorians
Kansas
Kanuto
Kaos
Karan
Kare
Karen
Karr
Kashmir	Cachemir	Kashmir
Katarina
Katerina
Katrin
Katrina
Katy
Katya
Kayla
Kaylie
Kazakh	Kazajo	Kazakh
Kazakhstan	Kazajstán	Kazakhstan
Kazon
Kee
Keith
Kelly
Kempeitai
Kennedy
Kennedys	Kennedy	Kennedys
Kennicut
Kensi
Kentucky
Kenya	Kenia	Kenya
Kermie
Kes
Kev
Kewpie
Khloe
Khrushchev	Jruschov	Khrushchev
Kidd
Kidz
Kim
Kimmi
Kimmy
Kingslayer
Kingsley
Kinko
Kira
Kiri
Kirikou
Kirsty
Kitt
Klara
Klepto
Klinger
Klingon
Klingons	Klingon	Klingons
Kmart
Kms
Knicks
Knox
Kojak
Kolkata	Calcuta	Kolkata
Kolya
Kolyma
Kommandant
Koo
Kool
Korea	Corea	Korea
Koreatown
Korsak
Krabby
Krabs	Cangrejos	Krabs
Kranz
Kratz
Krauts
Krays
Krazy	Krazy	Loco
Krieger
Kriemhild
Kris
Krispie
Kristina
Krusty
Kryptonian	Kryptonian	Kryptoniano
Kryptonians	Kryptonianos	Kryptonians
Kts
Kukulkan
Kumbaya
Kun
Kung
Kush
Kwon
Kylie
Kyo
Kyoto	Kioto	Kyoto
Kyung
Lachlan
Laetitia
Lahey
Laila
Laissez
Lait
Laius	Laius	Layo
Lama
Lana
Lancelot
Landon	Aterrizar	Landon
Langly
Langston
Lanie
Lannisters
Lanzmann
Lapd
Lapland	Lapland	Laponia
Larrabee
Lasseter
Laters	Adiós	Laters
Lats
Lauda
Laude
Laura
Lauren
Laverne
Lavinia
Lawd
Lawrence
Layla
Leah
Leann
Leanne
Lebanon	Lebanon	Líbano
Lee	Lee	Sotavento
Leela
Leif
Leila
Lem
Lemmy
Len
Leningrad	Leningrad	Leningrado
Lennie
Lenore
Leo	Leo	León
Leon	Leon	León
Lesbo
Leutnant	Leutnant	Teniente
Lexi
Lexie
Liam
Libano
Libya	Libia	Libya
Lije
Lil	Lil	Pequeño
Lilah	Lila	Lilah
Lile
Lilith
Lilli
Lillian
Lillie
Lim
Limpy
Linc
Linda
Linds
Lindy
Lis
Lisa
Lise
Lithuania	Lithuania	Lituania
Litt
Liv
Livia
Livius
Lizzie
Loc
Lockhart
Loic
Lojack
Lola
London	London	Londres
Londoner	Londinense	Londoner
Londoners	Londinenses	Londoners
Lordy
Lorelai
Loretta
Lorraine	Lorena	Lorraine
Los
Lotsa
Lotte
Lou
Louie
Louis	Louis	Luis
Louisa
Louisiana	Louisiana	Luisiana
Lov
Lovin
Lps
Lts
Luanne
Luc
Luca
Lucia
Lucian
Lucie
Lucien
Lucius
Lucretia	Lucrecia	Lucretia
Lucrezia	Lucrecia	Lucrezia
Lui
Luis
Luisa
Luka
Lukas
Lun
Luthor
Luthors	Luthors	Lutores
Lutie
Luxan
Luxembourg	Luxembourg	Luxemburgo
Lycan	Licántropo	Lycan
Lygia
Lykos
Lyla
Lynda
Lyndsey
Lynette
Lysander	Lisandro	Lysander
Lytes
Macau	Macao	Macau
Macdonald
Machiavelli	Machiavelli	Maquiavelo
Mackey
Macu
Maddie
Madeline
Madhu
Maester	Maester	Maestre
Magda
Magellan	Magallanes	Magellan
Magister
Magoo
Maguires
Maharaja
Mai
Maine
Mais	Mais	Más
Maja
Majorca	Majorca	Mallorca
Mak
Malachi	Malachi	Malaquías
Maldives	Maldivas	Maldives
Mali
Malibu	Malibu	Malibú
Malle
Malley
Malory
Mami
Manasi
Manchester
Manhattan
Mannu
Manny
Manolo
Manson
Marcella
March	March	marcha
Marci
Marcie
Marcoh
Marcos
Mardi
Margherita	Margarita	Margherita
Margot
Mari
Maria
Marianne
Marika
Maris
Marisa
Marissa
Marko
Marla
Marlboros
Marmee
Marnie
Marrakesh
Marseilles	Marseilles	Marsella
Martha
Marthe
Martinique	Martinica	Martinique
Marusya
Masha
Massachusetts
Mathers
Mathlete
Mathletes
Matias
Matt	Mate	Matt
Matteo
Matthias	Matthias	Matías
Mattie
Matty
Maude
Maura
Maureen
Maurice
Mauritius	Mauricio	Mauritius
Maurizio
Maury
Maxentius
Maxie
Maximo	Maximo	Máximo
Maya
Mayweather
Mcallister
Mcclaren
Mcdonald
Mcdonalds
Mcdreamy
Mcduck
Mcgarrett
Mclntosh
Mclntyre
Mcqueen
Meade
Meahri
Meatlug	Albóndiga	Meatlug
Medellin
Medlab
Meenaxi
Meenie
Meeny
Megan
Meghan
Mei
Meine
Meleager	Meleager	Meleagro
Melissa	Melissa	Toronjil
Mellie
Mendez	Mendez	Méndez
Menelaus	Menelao	Menelaus
Mensch
Mephisto
Mer
Mercedes
Mercs
Mercutio	Mercucio	Mercutio
Merida	Merida	Mérida
Mes
Messalina
Messer
Messieur
Messire
Mestre
Metatron	Metatron	Metatrón
Methamphetamines	Metanfetaminas	Methamphetamines
Mex
Mexico	Mexico	México
Miami
Micah	Micah	Miqueas
Michael	Michael	Miguel
Michaela
Michal
Miep
Mig
Mija
Mijo
Mika
Mikaelsons
Mikey
Miki
Milan	Milan	Milán
Miljan
Mille
Millennials
Milwaukee
Mily
Minimart	Minimart	Minimercado
Minneapolis
Minnesota
Minoans	Minoans	Minoicos
Mins	Mins	Minutos
Mio
Mir
Mirandized	Mirandizado	Mirandized
Mischa
Misha
Misi
Misko
Mississippi	Misisipí	Mississippi
Missouri	Missouri	Misuri
Mista
Mit
Mitya	Mitia	Mitya
Mitzvahed	Mitzvahed	Mitzváhed
Mkay
Mnh
Mockingjay	Mockingjay	Sinsajo
Moe
Mofo
Mohammad
Mohammed	Mahoma	Mohammed
Moira
Moldova	Moldavia	Moldova
Moley
Mollari
Mollie
Mommie	Mamá	Mommie
Mon	Lun	Mon
Monaco	Monaco	Mónaco
Monday	Monday	lunes
Monde
Mone
Monica
Monique
Monroe
Monseigneur	Monseigneur	Monseñor
Monsignore	Monseñor	Monsignore
Montalbano
Montana
Montecito
Monterey
Montgomery
Montreal
Moola
Moore
Mopey	Melancólico	Mopey
Mordecai	Mardoqueo	Mordecai
Morgaine
Morgans
Moriarty
Morocco	Marruecos	Morocco
Morris
Morrison
Mortem
Morty
Moscow	Moscow	Moscú
Mosha
Mov
Mozart
Mudder	Barro	Mudder
Mujahideen	Mujahideen	Muyahidines
Mulan
Mumbo
Mumsy
Munchkins
Munna
Munoz	Munoz	Muñoz
Muppet
Murat
Muriel
Murielle
Murph
Murphys
Musica
Mussolini
Muttley	Muttley	Patán
Muumuu
Muy
Myeong
Myka
Myles
Myung
Nadia
Nadine
Nadya
Nal
Namaste
Namby
Nanites
Napolean	Napolean	Napoleano
Naqahdah
Naquadria
Narco
Narf
Narns
Nasa
Nasties	Desagradables	Nasties
Nastya
Natalia
Natalie
Natalya
Natasha
Nathalie
Nato	Nato	OTAN
Navarre	Navarra	Navarre
Navid
Nazarene	Nazarene	Nazareno
Nazareth	Nazaret	Nazareth
Nea
Nebuchadnezzar	Nabucodonosor	Nebuchadnezzar
Necronomicon	Necronomicon	Necronomicón
Ned
Neeko
Neela
Neelix
Neil
Nein
Nelle
Nellie
Nem
Nen
Neolution
Nerf
Nessa
Netherlands	Netherlands	Países Bajos
Nev	Nev	Nevada
Nevada
Neverland
Newfoundland	Newfoundland	Terranova
Nia
Nic
Niccolo
Nicki
Nickie
Nicu
Nietzscheans	Nietzscheanos	Nietzscheans
Niger	Niger	Níger
Nik
Nikita
Nikki
Nikolayevich
Nile	Nile	Nilo
Nis
Nita
Nixon
Noah	Noah	Noé
Nobel
Nobu
Noelle
Nonna
Noob	Noob	Novato
Noone	Nadie	Noone
Norah
Norbit
Nori
Norma
Normie
Normies
Norway	Noruega	Norway
November	November	noviembre
Npr
Ntsb
Nuff
Numbnuts
Nuna
Nunchucks
Nuremberg
Nuthin
Nutso
Nuttin
Nyet
Nypd
Oakley
Obama
Obelix
Obs
Octavian	Octavian	Octavio
Octavius	Octavio	Octavius
October	October	octubre
Octopi	Octopi	Pulpos
Octus
Odo
Odysseus	Odiseo	Odysseus
Offa
Ohio
Oin
Oing
Oklahoma
Olaf
Olde
Olivier
Olly
Omaha
Oman	Oman	Omán
Ome
Omigod	Dios mío	Omigod
Omo
Onesies	Mamelucos	Onesies
Oni
Ood
Oome
Oompa
Oon
Oor
Oorah
Oot
Opa
Opec	OPEP	Opec
Ophelia	Ofelia	Ophelia
Opie
Oppo
Opr
Oprah
Ops
Optimus
Ord
Orfeu
Orlando
Ors
Orthos
Oshizu
Oss
Osso
Oth	Oth	Otro
Otik
Otis
Ove
Owens
Oxford
Oye
Ozzy
Packmaster
Paco
Padre	Capellán	Padre
Paedo
Pai
Paige
Paisan
Pak
Pakistan	Pakistan	Pakistán
Pakistani	Paquistaní
Palais
Palooza
Panama	Panama	Panamá
Pancho
Paola
Papi
Paranoia
Paree
Paris	Paris	París
Parlez
Parliament	Parlamento	Parliament
Parm
Pasa
Pasiphae
Patricia
Patti
Paul
Paula
Paulie
Pauline	Paulina	Pauline
Pawnee
Payne
Pbht
Pec
Pecs	Pecs	Pectorales
Pedi
Pedis
Peds
Peepee	Peepee	Pipí
Peggotty
Pena
Pennsylvania	Pennsylvania	Pensilvania
Peop	Gente	Peop
Pepe
Peppi
Peppino
Pepto
Pers
Pete
Petersburg	Petersburg	Petersburgo
Petey
Petronius	Petronio	Petronius
Petya
Peyton
Pez
Phaedra	Fedra	Phaedra
Pharrell
Phasers	Fásers	Phasers
Phil
Philadelphia	Filadelfia	Philadelphia
Philip	Felipe	Philip
Philippines	Filipinas	Philippines
Phillip
Philomena
Phwoar
Phys
Pia
Piccadilly
Pidge
Pierre
Pierson
Pilates
Pillock
Pinche
Pindar	Pindar	Píndaro
Pinkertons
Pio
Pitt
Pittsburgh
Pla
Platon
Ple
Pliny	Plinio	Pliny
Pocus
Podcast	Podcast	Pódcast
Podunk
Poe
Poirot
Poland	Poland	Polonia
Pollyanna
Polonius	Polonio	Polonius
Pompeii	Pompeii	Pompeya
Pompey	Pompey	Pompeyo
Pontius	Poncio	Pontius
Ponyville
Ponzi
Pooja
Pookie
Poontang
Poppaea
Portia
Portland
Portugal
Potiphar	Potifar	Potiphar
Potus
Pov
Powell
Poxy
Prem
Prentiss
Prenup
Prez
Princeton
Priss
Prius
Priya
Prob
Probie	Novato	Probie
Probs	Problemas	Probs
Probst
Prometheus	Prometeo	Prometheus
Prost
Provocateur	Provocador	Provocateur
Proxima
Prue
Psh
Psi
Psy
Pube	Pube	Pubis
Publius
Puddin
Puja
Pumbaa	Pumba	Pumbaa
Pussycats	Gatitos	Pussycats
Pvt
Pyotr
Pyramus
Pyrians	Pirios	Pyrians
Qaeda
Qing
Qiu
Quaaludes
Quantico
Quartermain
Quasimodo
Queef
Queenie
Quer
Questi
Qui
Quinceanera	Quinceanera	Quinceañera
Qur
Quran	Corán	Quran
Rachael
Raf
Rafe
Rager
Rahul
Rai
Raina
Raju
Ralphie
Rameses	Rameses	Ramsés
Ramirez	Ramirez	Ramírez
Ramona
Ramses	Ramses	Ramsés
Ramsey
Ramu
Ranjit
Rapey	Rapey	Violación
Raquel
Rasputin
Rasta
Ravi
Rawr
Raylan
Rayna
Reagan
Reais	Reais	Reales
Reall	Real	Reall
Reay
Rebbe	Rebbe	Rebe
Rebecca
Rebekah	Rebeca	Rebekah
Ree
Rei
Reichsfuhrer	Reichsfuhrer	Reichsführer
Rembrandt
Remi
Remmy
Remo
Ren
Rena
Rendez
Reno
Republican	Republican	Republicano
Resp
Resps	Resp	Resps
Resync	Resincronizar	Resync
Reyes
Reynolds
Rez
Rhett
Rhineland	Renania	Rhineland
Rhoda
Rhode
Rhodesia
Rhonda
Richard	Ricardo	Richard
Richardson
Richie
Richmond
Rien
Rigsby
Riht	Derecho	Riht
Riker
Rikers
Rimmer
Rimspoke
Rin
Rincon	Rincon	Rincón
Rios	Rios	Ríos
Risin
Ritalin
Rivera
Rizzo
Roadie
Robby
Roberts
Robinsons
Robyn
Roc
Rocco
Rochester
Rockefeller
Rockefellers
Roderigo	Roderigo	Rodrigo
Rodger
Rodney
Rog
Rohan
Roid	Esteroide	Roid
Rolex
Rollo
Rolly
Roly
Roma
Romani	Romani	Romaní
Romania	Romania	Rumania
Rome	Roma	Rome
Romeo
Rommel
Romulan	Romulan	Romulano
Romulans	Romulanos	Romulans
Romulus	Romulus	Rómulo
Ron
Roni
Ronny
Roofie
Roosevelt
Rosalia
Rosalie
Roscoe
Roxane	Roxane	Roxano
Roxanne
Roxy
Roz
Ruben
Rubin	Frotar	Rubin
Rudy
Rufus
Rupaul
Russia	Rusia	Russia
Russki
Russkies	Rusos	Russkies
Ruthie
Ruxin
Rwanda	Ruanda	Rwanda
Ryan
Ryo
Ryu
Saddam
Sadie
Sae
Saigon	Saigon	Saigón
Sainte
Saison
Saiyan	Saiyajin	Saiyan
Saiyans	Saiyajin	Saiyans
Sakura
Saladin	Saladin	Saladino
Salam
Salut
Salvador	Salvador
Salvatore
Salzburg	Salsburgo	Salzburg
Sam
Sameer
Samir
Sanford
Sanhedrin	Sanedrín	Sanhedrin
Sant
Santeria	Santeria	Santería
Santiago
Santo
Santy
Sapien
Sar
Sara
Sarah
Sargent
Saroyan
Sasha
Saturday	Saturday	sábado
Savoir
Sayonara
Sayu
Sayuri
Scaredy	Asustado	Scaredy
Scarlett
Scarran
Scarrans
Sch
Scheherazade
Schlong
Schmancy
Schnoz
Sci	Ciencia	Sci
Scipio	Escipión	Scipio
Scissorhands	Manostijeras	Scissorhands
Scoob
Scooch
Scotia	Escocia	Scotia
Scotland	Escocia	Scotland
Scott
Scotty
Scrote	Escroto	Scrote
Scuse	Disculpa	Scuse
Scusi
Seabiscuit
Sebacean	Sebacean	Sebáceo
Secnav
Selena
Selina
Selma
Sendin	Mandar	Sendin
Senhora
Senpai
Seok
Seon
Seong
Seoul	Seoul	Seúl
September	September	septiembre
Sepulveda	Sepulveda	Sepúlveda
Serafina
Serena
Sergei
Sergey
Sergio
Seri
Seryozha
Sesh
Seu
Seung
Sha
Shabbat	Shabat	Shabbat
Shakespeare
Shangri
Shaolin
Shapeshifter	Cambiaformas	Shapeshifter
Sharif
Sharktopus
Shaun
Shawn
Shea
Sheba
Shel
Shelia
Shep
Sherazade
Sherri
Shil
Shilly	Shilly	Tímido
Shinigami
Shinobi
Shira
Shirin
Shiro
Shirou
Shizzle
Sho
Shou
Shri
Shrimpy	Camarones	Shrimpy
Shue
Shuttlepod
Shutup	Cállate	Shutup
Sia
Siberia
Sicily	Sicilia	Sicily
Siders
Sie
Sieg
Sig
Sigismund	Segismundo	Sigismund
Sil
Simone
Simpson
Sinai	Sinai	Sinaí
Sincro
Sinestro
Singapore	Singapore	Singapur
Sio
Siobhan
Siree
Siri
Sisyphus	Sisyphus	Sísifo
Sitch
Sitrep
Siu
Sixtus	Sixto	Sixtus
Siya
Skaar
Skeevy
Skinwalker
Skyler
Skype
Slo
Slovakia	Eslovaquia	Slovakia
Slovenia	Eslovenia	Slovenia
Slurpee
Slushee
Smallville
Smee
Smeg
Smilin
Smithsonian
Smitty
Smurfette	Pitufina	Smurfette
Smurfs	Pitufos	Smurfs
Snapple
Sno
Soco
Sodom	Sodom	Sodoma
Soi	Asique	Soi
Sokka
Solider	Soldado	Solider
Solis
Som
Sondra
Sonofabitch	Sonofabitch
Sony
Sonya
Sookie
Soph
Sophocles	Sophocles	Sófocles
Sor
Sorcio
Sorr
Sors
Sory
Southall
Southie
Spain	España	Spain
Spanx
Spartacus	Espartaco	Spartacus
Spassky
Spaz
Spidey
Spinny
Spock
Spongebob	Bob Esponja	Spongebob
Springfield
St
Sta
Stace
Stacey
Stache
Stalingrad	Stalingrad	Stalingrado
Stanford
Staph
Starbuck
Starbucks
Starfighter
Stargate
Starlog
Starvin
Stavros
Ste
Steadman
Steerpike
Stef
Stefania
Stefano
Stepan
Stephane
Stephen
Steve
Stewie
Sti
Stiffy	Rígido	Stiffy
Stoick	Estoico	Stoick
Stormfly
Stoy
Str
Strasbourg	Estrasburgo	Strasbourg
Stu
Stuart
Stuf
Sudan	Sudan	Sudán
Suis
Sulleiman
Sunbae
Sunday	Sunday	domingo
Sunt
Supermax
Supervillain	Supervillain	Supervillano
Susan
Susannah
Susie
Suv	Suv	Todoterreno
Suzana
Suze
Suzy
Sven
Svu
Swede	Sueca	Sueco	Swede
Sweden	Suecia	Sweden
Swee
Switek
Syd
Sydney
Sylvie
Synths	Sintetizadores	Synths
Syracuse	Siracusa	Syracuse
Syria	Siria	Syria
Taelon
Taelons	Taelones	Taelons
Taggart
Taiwan	Taiwan	Taiwán
Tak
Talaxian	Talaxian	Talaxiano
Talia
Taliban	Taliban	Talibanes
Tane
Tangiers	Tangiers	Tánger
Tania
Tard	Tard	Tarde
Tardis
Tariq
Tarkovsky
Tartare	Tartar	Tartare
Taru
Tarzan	Tarzan	Tarzán
Tase
Tased
Tasered
Tasha
Tate
Tatiana
Tbe
Tbi
Tch
Tcha
Tchaikovsky
Tegan
Telemachus	Telemachus	Telémaco
Tellarite	Tellarita	Tellarite
Tellarites	Tellaritas	Tellarites
Tellin
Tem
Tennessee	Tennesse	Tennessee
Tennyson
Teresa
Terrance
Terre
Texas
Thad
Thailand	Tailandia	Thailand
Thames
Thas
Thatta
Thay
Thea
Thebes	Tebas	Thebes
Theseus	Teseo	Theseus
Thls
Thon
Thora
Thursday	Thursday	jueves
Tia
Tib
Tiber
Tiberius	Tiberio	Tiberius
Tico
Tigellinus
Tigh	Apretado	Tigh
Tim
Timbuktu	Timbuktu	Tombuctú
Timey
Timon
Tink
Tinkerbell	Campanita	Tinkerbell
Tino
Tion	Ción	Tion
Tish
Toa
Tobey
Toboni
Toby
Todd
Toine
Toki
Tokyo	Tokio	Tokyo
Tol
Tom	Tom	Tomás
Toma
Tommaso	Tommaso	Tommasso
Tommie
Tonya
Toodles
Toomy
Tootin
Toro
Tov
Towelie
Townshend
Tra
Tracey
Trach	Trach	Traqueostomía
Traci
Tracy
Traini
Trampas
Trampy	Trampy	Vagabundo
Tranq
Transmat
Transpo
Trav
Travis
Tre
Treblinka
Tremayne
Tres
Tricia
Triffid
Triffids	Triffids	Trífidos
Trina
Triomphe	Triomphe	Triunfo
Tripp
Trisha
Trixie
Troi
Trois
Tromaville
Trou
Truckin
Trudy
Truely	Truely	Verdaderamente
Truman
Tsoukalos
Ttanya
Tudo
Tuesday	Tuesday	martes
Tuileries
Tunisia	Tunisia	Túnez
Tur
Turkmenistan	Turkmenistan	Turkmenistán
Tuscany	Toscana	Tuscany
Tushie
Tutankhamun	Tutankamón	Tutankhamun
Tuttle
Tuvan
Tuvok
Twerk
Twila
Tybalt
Tygra
Tylenol
Tyrol	Tirol	Tyrol
Tzu
Ucla
Uglies	Feos	Uglies
Uhn
Uid
Ukraine	Ucrania	Ukraine
Ulysses	Ulises	Ulysses
Unc
Und
Une
Ung
Ungh
Unos
Uriah	Uriah	Urías
Ursa
Urse
Utah
Uzbekistan
Vai
Valeria
Valerie
Valjean
Valkyrie	Valkyrie	Valquiria
Valkyries	Valkyries	Valquirias
Vanya
Vasco
Vashti
Vasiliy
Vasily
Vasquez
Vassily
Vassilyevich
Vato
Vedran	Vedran	Vedrán
Velez	Velez	Vélez
Velma
Ven
Venezuela
Venice	Venecia	Venice
Vermont
Vern
Versailles	Versailles	Versalles
Ves
Vespasian	Vespasian	Vespasiano
Vesuvius	Vesubio	Vesuvius
Vette
Veux
Vey
Vicap
Vick
Vicki
Victoria
Vienna	Viena	Vienna
Vietnam
Vijay
Viki
Vikram
Vill
Vilma
Vince
Vincenzo
Vinci
Vinicius
Vinick
Vinka
Vinnie
Vinny
Vir
Virginia
Visigoths	Visigodos	Visigoths
Vittorio
Vitya
Viviane
Vlad
Voight
Voil
Volkswagen
Volodya	Volodia	Volodya
Volvo
Voom
Vorenus
Vorlons
Votre
Vue
Vulcans	Vulcanos	Vulcans
Vyvyan
Wabbit
Waco
Wal
Waldo
Walkies
Wallace
Wallachia	Valaquia	Wallachia
Walt
Walter
Walternate
Wana
Wang
Warner
Warpath
Warwick
Washington
Wasrt
Watson
Wazir
Wednesday	Wednesday	miércoles
Wedon
Wehrmacht
Wei
Weirding	Extraño	Weirding
Wel	Bien	Wel
Wendell
Wenders
Werert
Werner
Wes
Westerner	Occidental	Westerner
Westeros	Poniente	Westeros
Wheaties
Wher	Donde	Wher
Whitney
Whoville
Wicca
Wid
Wie
Wiedersehen
Wienie	Viena	Wienie
Wifi
Wiggum
Wiggy
Wil
Wilkins
Willis
Willy	Colita	Willy
Wilma
Wilson
Wilsons
Wilt	Marchitar	Wilt
Windsor
Winkie
Winn
Winterfell	Invernalia	Winterfell
Wir
Wisconsin
Witsec
Wittle
Woge
Woged
Wooldoor
Wor
Worf
Worid
Worl
Wou
Wussies	Cobardes	Wussies
Wussy	Cobarde	Wussy
Wuv
Wyatt
Wyoming
Xander
Xandir
Xbox
Xena
Xerxes	Jerjes	Xerxes
Yada
Yagami
Yahtzee
Yakov
Yale
Yang
Yangtze
Yas
Yasmin
Yeesh
Yeller
Yello
Yeogu
Yeon
Yolo
Yoo
Yos
Youd	Usted	Youd
Youdon
Yous
Yout
Youtube	YouTube	Youtube
Yowza
Yuki
Yukon
Yun
Yutz
Yvan
Yvette
Zac
Zachary
Zack
Zak
Zan
Zarkon
Zarqawi
Zat
Zeke
Zelda
Zelig
Zhang
Zhenya
Zhu
Ziegfeld
Ziggy
Zilly
Zimbabwe	Zimbabue	Zimbabwe
Zio
Zis
Ziva
Zoey
Zoinks
Zoot
Zoya
Zuko
Zurich	Zurich	Zúrich
