딜리언 하퍼	Dillion Harper
12 월	Tháng Mười Hai
1월	Tháng Giêng
1월	Tháng Một
2월	Tháng Hai
3월	Tháng Ba
41 노스 비즈니스 스쿨	41 North Business School
4월	Tháng Tư
5월	Tháng Năm
5월	Tháng Năm
6월	Tháng Sáu
AC 밀란	AC Milan
Aerolineas 아르헨티나	Aerolíneas Argentinas
Agarscents 바자	Agarscents Bazaar
Cong Quynh	Cống Quỳnh
DJI 팬텀	DJI Phantom
David Unthank	David Unthank
Dell 위도	Dell Latitude
DrTuber 차우	DrTuber Châu
FC 바르셀로나	FC Barcelona
IH 브리즈번	IH Brisbane
SJ 오사카	SJ Osaka
Uy Nhat	Uy Nhật
가나 세디	Cedi Ghana
가루다 인도네시아	Garuda Indonesia
가루이자와 호텔	Karuizawa Hotel
가스가 료칸	Kasuga Ryokan
가와구치 호수	Hồ Kawaguchi
가와구치코 컨트리	Kawaguchiko Country
가톨릭	Công Giáo
갈릴레오 갈릴레이	Galileo Galilei
강도 밥	Robbery Bob
강소	Giang Tô
걸프만	Gulf Coast
겐랑	Ghềnh Ráng
경남	Kyung Nam
경영대학	Trường đại học Kinh Tế
경험적 Mjk	Empiric Mjk
계림	Quế Lâm
고급 패션	Haute Couture
고든 램지	Gordon Ramsay
고레티 호	Goretti Ho
고레티 호 타그바	Goretti Ho Taghva
고밥	Gò Vấp
고베 도요	Kobe Toyo
고원	Tây Nguyên
고창	Ko Chang
고투 콜라	Gotu Kola
공립 연구소	Viện nghiên cứu Công Lập
공립학교	Trường Công Lập
공산당	Đảng Cộng Sản
공허신	Gonghe Xin
공화당	Đảng Cộng Hòa
과테말라 시티	Guatemala City	Thành phố Goa-tê-ma-la
과학 학교	Trường Khoa Học
관우	Quan Vũ
광동	Quảng Đông
광둥성	tỉnh Quảng Đông
광명현	Quận Guangming
광시	Quảng Tây
광저우	Quảng Châu
광저우 중	Guanghzou Trung
구기자	Câu Kỷ Tử	Goji Berries
구로사와 아이	Ai Kurosawa
구룡	Cửu Long
구스타프 클림트	Gustav Klimt
구월	Tháng Chín
구월	Tháng chín
구이저우	Quý Châu
구정	Tết Nguyên Đán
국가 우크라이나	Quốc gia Ukraine
국가의 날	Ngày Quốc Khánh
국민당	Đảng Quốc Dân
국방부	Bộ Quốc Phòng
국제 대학	Trường Đại học Quốc Tế
군	Quận Hạt
그란 카나리아	Gran Canaria
그란디내비	Grandi Navi
그란비아	Gran Via
그래핀 테마	Graphene Theme
그랜드 로렐	Grand Laurel
그랜드슬램	Grand Slam
그랜트 우드	Grant Wood
그레이스 베이	Grace Bay
그레이시 글램	Gracie Glam
그레이트 오르메	Great Orme
그레타 툰 버그	Greta Thunberg
그리스	Hy Lạp
그리스 어	Hy Lạp
그리스도	Chúa Kitô
그리스도	Đấng Christ
그리스도	Đấng Ky Tô
글렌 레이븐	Glen Raven
금요일	Thứ Sáu
금요일	Thứ Sáu
기네스 팰트로	Gwyneth Paltrow
기독교	Cơ Đốc Giáo
기타 마할	Geeta Mahal
길리 아이르	Gili Air
길만 막사	Gillman Barracks
김마	Kim Mã
김영삼	Kim Young Sam
김정은	Kim Jong Eun
김호아	Kim Hoa
김황	Hoàng Kim
까오 탄	Cao Thanh
까우자이	Cầu Giấy
까우자이 지구	Quận Cầu Giấy
깐난	Quynh Nhan
꼬따오	Koh Tao
꽝남	Quảng Nam
꽝닌성	Tỉnh Quảng Ninh
꽝쭝	Quang Trung
꾸 두	Cu Du
꾸 롱	Cửu Long
꾸 차우	Cù Châu
꾸옥 안	Quốc Anh
꾸옥딘	Quốc Đình
꾸이년	Quy Nhơn
끼아라 페라니	Chiara Ferragni
끼엔장	Kiên Giang
나 투이	Nha Thụy
나고야 니시키	Nagoya Nishiki
나르군	Nar Nar Goon
나리타 토부	Narita Tobu
나브크 베이	Nabq Bay
나비에라 아르마스	Naviera Armas
나사우 홀	Nassau Hall
나소 퍼스	Nassau Perth
나스리	Nasri
나이 위엥	Nai Wieng
나이 한	Nai Harn
나이아가라 폭포	Thác Niagara
나초 비달	Nacho Vidal
나치 독일	Đức Quốc Xã
나카모토 사토시	Satoshi Nakamoto
나트랑	Nha Trang
나하우	Nha Hậu
난드롤론 데카노에이트	Nandrolone Decanoate
난드롤론 키피오네이트	Nandrolone Cypionate
난산구	Quận Nanshan
난징	Nam Kinh
난징 케우다	Nanjing Keyuda
난초	Phong Lan
난퉁	Nam Thông
남 수단	Nam Sudan
남 쑤언	Nam Xuân
남 차오	Nam Cao
남동쪽	Đông Nam
남동쪽	Đông Nam Bộ
남룡	Nam Liong
남미	Nam Mỹ
남부 트리우	Nam Triều
남서	Tây Nam
남아메리카	Nam Mỹ
남아메리카	South America
남아시아	Nam Á
남아프리카	Nam Phi
남아프리카	South Africa
남예레반	Nam Yerevan
남유센	Nam Yusen
남인도	Nam Ấn
남하이	Nam Hải
남호주	Nam Úc
낫꽝	Nhật Quang
낭 지구	Quận Năng
내무부	Bộ Nội Vụ
내셔널 타워	Tháp Quốc Gia
냇 킹 콜	Nat King Cole
냥쉐	Nyaung Shwe
네덜란드	Hà Lan
네덜란드	Hà Lan
네팔	Nepal
넬리 설리반	Nelly Sullivan
넬슨 만델라	Nelson Mandela
노던 브리즈	Northern Breeze
노동부	Bộ Lao Động
노르웨이	Na Uy
노르웨이 크로네	Norwegian Krone
노무현	Roh Moo Hyun
노보텔 다낭	Novotel Đà Nẵng
노스 다코타	Bắc Dakota
노스 다코타	North Dakota
노스 마이애미	North Miami
노스 쇼어	North Shore
노스 캐롤라이나	Bắc Carolina
노스 캐롤라이나	North Carolina
노스링크 페리	Phà Northlink
노아코인 돗토코무	Noakoin Dottokomu
노이바이	Nội Bài
노트르담	Nhà thờ Đức Bà	Notre-Dame
노팅엄 트렌트	Nottingham Trent
노퍽라인 페리	Phà Norfolkline
놀이 공원	Amusement Park
누사 렘봉안	Nusa Lembongan
뉴 델리	Niu Đê-li	New Delhi
뉴 올리언스	New Orleans
뉴욕	New York
뉴욕 타임즈	New York Times	Thời báo Niu-Oóc	Thời báo Nữu Ước	Nữu Ước Thời báo
뉴잉글랜드	New England
뉴저지	New Jersey
뉴질랜드	New Zealand
뉴햄프셔	New Hampshire
니시카와구치 에키마에	Nishikawaguchi Ekimae
니와스 아유타야	Niwas Ayutthaya
니즈니 노브고로드	Nizhny Novgorod
니켈 크롬	Niken Crom
니콜 무어	Nicole Moore
니콜 애니스톤	Nicole Aniston
니콜 키드먼	Nicole Kidman
니콜라 테슬라	Nikola Tesla
니콜라이 이바노비치	Nikolai Ivanovich
니키 미나즈	Nicki Minaj
니키 벤츠	Nikki Benz
니키타 아누프리예프	Nikita Anufriev
닉 레흐트	Nick Recht
닌빈	Ninh Bình
닌자 거북이	Ninja Rùa
닐 켈리	Neal Kelley
닐 파텔	Neil Patel
닝보	Ninh Ba
닝보 베스트클리너	Ningbo BestCleaner
닝보 인저우	Ningbo Yinzhou	Ngân Châu Ninh Ba
다 빈치	Da Vinci
다나 드 아몬드	Dana De Armond
다나 디어먼드	Dana Dearmond
다나 수수께끼	Dana Riddle
다나카 히토미	Hitomi Tanaka
다낭	Đà Nẵng
다니 다니엘스	Dani Daniels
다니 젠슨	Dani Jensen
다니엘 웰링턴	Daniel Wellington
다니엘 팻	Daniel Phát
다니엘라 러쉬	Daniella Rush
다롄	Đại Liên
다루 히즈로	Darul Hijroh
다르 엘	Dar El
다르 코람	Dar Coram
다비드 데 헤아	David De Gea
다스 베이더	Darth Vader
다우 존스	Dow Jones
다이남	Đại Nam
다이롱	Đại Long
다이앤 트렁	Điển Trung
다이와 로이넷	Daiwa Roynet
다카야마 관광	Takayama Kanko
다코타 스카이	Dakota Skye
닥터튜버 퀸	DrTuber Hậu
단 즈엉	Đan Dương
단 푸	Đan Phụ
단테 알리기에리	Dante Alighieri
달라 크레인	Darla Crane
달랏	Đà Lạt
닷 탕	Đạt Thắng
대 브리튼 섬	Great Britain
대런 피트필드	Darren Pitfield
대륙	Đại Lục
대리석	Ngũ Hành Sơn
대릴 미드	Darryl Mead
대릴 하나	Darryl Hanah
대만	Đài Loan
대서양	Tây Dương
대서양	Đại Tây Dương
대서양 펜던트	Atlantik Pendant
대시 캠	Dash Cam
대한민국	Hàn Quốc	Nam Triều Tiên	Đại Hàn Dân Quốc
대한민국	Hàn Quốc	Đại Hàn Dân Quốc
대한항공	Korean Air	Hãng hàng không Hàn Quốc
덕홍	Đức Hồng
데 할베 만	De Halve Maan
데니스 쿠데린	Denis Kuderin
데뎀 부티크	Dedem Boutique
데미 로바 토	Demi Lovato
데베지 방콕	Dhevej Bangkok
데본 리	Devon Lee
데비 랜즈먼	Debby Landesman
데시 인도	Desi Ấn
데이비드 게타	David Guetta
데이비드 도브릭	David Dobrik
데이비드 레온하트	David Leonhardt
데이비드 레터맨	David Letterman
데이비드 베컴	David Beckham
데이비드 보위	David Bowie
데이비드 앨런	David Allen
데이비드 워린	David Warin
데이비드 짐머만	David Zimmerman
데이비드 카르타	David Carta
데이비드 팻	David Phát
데이비드 허슨	David Hirson
데인 존스	Dane Jones
데일 언하트	Dale Earnhardt
데일 카네기	Dale Carnegie
데카 듀라볼린	Deca Durabolin
덴마크	Đan Mạch
덴마크	Đan Mạch
델리	Delhi
뎀시 힐	Dempsey Hill
도날드 트럼프	Donald Trump
도널드 덕	Donald Duck
도니타 듄스	Donita Dunes
도라 벤터	Dora Venter
도로시 퍼킨스	Dorothy Perkins
도메니코 베라르디	Domenico Berardi
도미니카 레오니	Dominica Leoni
도쿄 메트로	Tokyo Metro
도쿄 베이	Tokyo Bay
도쿄 스카이트리	Tokyo Skytree
도쿄 신주쿠	Tokyo Shinjuku
도쿄 하네다	Tokyo Haneda
독일	Đức
독일 렉스로스	Đức Rexroth
독일 셰퍼드	German Shepherd
돈 그램	Money Gram
돈 벡	Don Beck
돈 비토 꼴레오네	Don Vito Corleone
돈 아우렐리오	Don Aurelio
돈 키호테	Don Quixote
돈므앙	Don Muang
돈키호테	Don Quijote
돈환	Don Juan
돌리 버스터	Dolly Buster
돌리 파튼	Dolly Parton
돌비 애트모스	Dolby Atmos
동 싱강	Dong Xingang
동 아프리카	Đông Phi
동관	Đông Quan
동나이	Đồng Nai
동다	Đống Đa
동독	Đông Đức
동북아시아	Đông Bắc Á
동서울	Đông Seoul
동쑤언	Đồng Xuân
동유럽	Đông Âu
동인도 제도	Đông Ấn
동킨	Đông Kinh
동화	Đông Hoa
두바이	Dubai
두바이	Dubai	Đu-bai
두아 리파	Dua Lipa
두이 안	Duy Anh
두이 탄	Duy Tân
둑하	Đức Hà
드 몽포르	De Montfort
드 아드리안	De Adrian
드 에레라	De Herrera
드 크리스티안	De Cristian
드니로	De Niro
드류 베리모어	Drew Barrymore
드릴 비트	Drill Bit
드와이트 D. 아이젠하워	Dwight D. Eisenhower
드탐	Đề Thám
들루히 오예즈드	Dlouhý Újezd
디볼트 옵테바	Diebold Opteva
디어 크릭	Deer Creek
디엔 콴	Điền Quân
디엔비엔	Điện Biên
디타 본 티즈	Dita Von Teese
디펜스 타워	Tháp Quốc Phòng
딘 레일	Din Rail
딘 햄릿	Dean Hamlet
딜런 로렌	Dillan Lauren
딜리언 하퍼	Dillion Harper
따이바	Tây Ba
라 고메라	La Gomera
라 그로타	La Grotta
라 다르세나	La Darsena
라 리가	La Liga
라 리오하	La Rioja
라 메리디오날레	La Méridionale
라 바로사	La Barrosa
라 코미디	La Comédie
라 페르메	La Ferme
라 플라멩카	La Flamenka
라마잘 시골	Ramajal Rural
라스 가우나스	Las Gaunas
라스 콜리나스	Las Colinas
라스 크루세스	Las Cruces
라스베가스	Las Vegas
라스팔마스	Las Palmas
라스페치아	La Spezia
라오까이	Lào Cai
라오스 루안다	Lào Luanda
라이자 델 시에라	Liza Del Sierra
라일리 리드	Riley Reid
라제 레지던스	Raje Residence
라즈베리 파이	Raspberry PI
라타나 부티크	Ratana Boutique
라틴 아메리카	Châu Mỹ La Tinh
라틴 아메리카	Mỹ Latin
라틴 아메리카	Mỹ Latinh
라파스	La Paz
라파엘 애틀랜틱	Rafael Atlantic
라호야	La Jolla
란 안	Lan Anh
란 투이	Lan Thụy
란저우	Lan Châu
란타섬	Koh Lanta
랄프 왈도	Ralph Waldo
람 응이	Lâm Nghi
람 투언	Lâm Thuận
람빈	Lâm Bình
랏크라방	Lat Krabang
랑지 티엣	Langzhi Thiết
랑카 스위스	Lanka Switzerland
랑하	Láng Hạ
래칫 타이	Ratchet Tie
랜드로버	Land Rover
랩 유치권	Lạp Liên
랭글리 하이웨이	Langley Hwy
랴오닝	Liêu Ninh
러스트 갓	Lust Gat
러시 포커	Rush Poker
러시아	Nga
러시아 블라디미르	Nga Vladimir
런던	Luân Đôn
런던 빅토리아	London Victoria
런던 수도	Thủ đô London
런던 히드로	London Heathrow
레 탄	Lê Thanh
레 탄 톤	Lê Thánh Tôn
레미 길레	Rémi Guillet
레베카 밍코프	Rebecca Minkoff
레알 마드리드	Real Madrid
레알 브라질	Real Brazil
레알 브라질BRL	Real BraxinBRL
레알 카미노	Camino Real
레오 몰도바	Leo Moldovan
레오 톨스토이	Leo Tolstoy
레오나르도 다	Leonardo Da
레우스	Reus
레이 밴	Ray Ban
레이 준	Lei Jun
레이나 크리스티나	Reina Cristina
레이디 가가	Lady Gaga
레이첼 쉬	Rachel Xu
레이크 타호	Lake Tahoe
레인보우 롯지	Rainbow Lodge
레인지로버	Range Rover
레인포레스트 리트리트	Rainforest Retreat
레지 모디일	Reji Modiyil
레지던스 베르제르	Residence Bergère
레지덴자 라구나	Residenza Laguna
레홍퐁	Lê Hồng Phong
렉스 아티펙스	Lex Artifex
로건 피어스	Logan Pierce
로그 코티지	Log Cottage
로날드 리건	Ronald Reagan
로드 아일랜드	Rhode Island
로드 아일랜드	Đảo Rhode
로리 소드	Lori Soard
로마	La Mã
로마 인	La Mã
로버트 E. 리	Robert E. Lee
로버트 드	Robert De
로버트 드니로	Robert De Niro
로버트 슈워츠	Robert Schwartz
로버트슨 키	Robertson Quay
로스 아르볼레스	Los Arboles
로스 아르코스	Los Arcos
로스 앤젤레스	Los Angeles
로스앤젤레스 카운티	Quận Los Angeles
로스앤젤레스 타임즈	Los Angeles Times	Thời báo Los Angeles	LA Times
로얄 부티크	Royal Boutique
로칸다 카발리	Locanda Cavalli
로코 시프레디	Rocco Siffredi
록 토	Lộc Thọ
록빈	Lộc Vinh
록히드 마틴	Lockheed Martin
론 프엉	Loan Phượng
롭 슈워츠	Rob Schwartz
롱강 지구	Long Cương
롱메이	Rong Mei
롱베이	Long Bay
롱삼로엠	Rong Samloem
롱아일랜드	Long Island
롱안	Long An
롱카운티	Quận Long
롱탄	Long Thành
롱하우	Long Hậu
료칸 카미나카	Ryokan Kaminaka
루 루	Lu Lu
루 반	Lưu Vân
루 반 랑	Lưu Văn Lang
루 웨이빙	Lu Weibing
루나 와시	Runa Wasi
루스 베이더 긴즈버그	Ruth Bader Ginsburg
루시 리	Lucy Ly
루아나 스피네티	Luana Spinetti
루앙프라방	Luang Prabang	Luổng Phạ Bang	Luông Pra Băng	Luông Pha Băng
루엔 콴	Ruen Kwan
루옹 응옥 꾸옌	Lương Ngọc Quyến
루옹 후 칸	Lương Hữu Khanh
루이 뷔통	Louis Vuitton
루이 하이	Rui Hai
루이자 메이 올콧	Louisa May Alcott
루카스 후커	Lucas Hooker
룽양로	Longyang Rd
룽양로 시지	Longyang Rd ShiJi
뤽 섬	Lục Đảo
르 지아	Lê Gia
르 탄종	Le Tanjong
르 홍	Lê Hồng
르노 클리오	Renault Clio
르로이 소머	Leroy Somer
르망	Le Mans
르아브르	Le Havre
리 투	Lý Tư
리 투 트롱	Lý Tự Trọng
리그	Liên Minh
리디아, 그리스	Lydia, Hy Lạp
리뷰 레드만	Recensioni Redman
리사 앤	Lisa Ann
리야드 아다리사	Riad Adarissa
리엔안	Liên An
리오 그란데	Rio Grande
리장	Lệ Giang
리처드 브랜슨	Richard Branson
리코 아피시오	Ricoh Aficio
리틀 인디아	Little India
린 카터	Linn Karter
린다 레이	Linda Ray
린센 로프트	Linsen Loft
린킨 파크	Linkin Park
링꽝	Linh Quang
마가렛 조	Margaret Cho
마나마 멜버른	Manama Melbourne
마누엘 페라라	Manuel Ferrara
마드리드	Madrid	Ma-đrít
마디 그라	Mardi Gras
마디 야 프라데시	Madhya Pradesh
마르코 폴로	Marco Polo
마리나 베이	Marina Bay
마리나 베이	Vịnh Marina
마리아	Maria
마리아 벨루치	Maria Bellucci
마리아 페레즈	Maria Perez
마리오 브라더스	Mario Bros
마리오 카트	Mario Kart
마리오 히라노	Mario Hirano
마릴린 먼로	Marilyn Monroe
마스터론 에난테이트	Masteron Enanthate
마시코칸 사토야마	Mashikokan Satoyama
마오쩌둥	Mao Trạch Đông
마운트 페이버	Mount Faber
마이 암	Mai Am
마이 카오	Mai Khao
마이안	My An
마이애미 공항	Miami Airport
마이클 위스브런	Michael Wisbrun
마이클 잭슨	Michael Jackson
마이클 코어스	Michael Kors
마일리 사이러스	Miley Cyrus
마자르 폴스키	Magyar Polski
마츠다 아미	Ami Matsuda
마카오	Ma Cao
마크 데이비스	Mark Davis
마크 주커 버그	Mark Zuckerberg
마크 트웨인	Mark Twain
마키베리	Maqui Berry
마틴 루터	Martin Luther
마틴 브릴란트	Martin Vrijland
막탄 섬	Đảo Mactan
만다린 오리엔탈	Mandarin Oriental
만다린항공	Mandarin Airlines
만리장성	Vạn Lý Trường Thành
말레나 모건	Malena Morgan
말레이 사람	Người Mã Lai
말레이시아	Malaysia	Mã Lai
말레이시아 몰디브	Malaysia Maldives
말레이시아 항공	Malaysia Airlines
매력 란제리	Allure Lingerie
매림	Mae Rim
매스 빠통	Mass Patong
매시 퍼거슨	Massey Ferguson
매켄지 피어스	Mackenzee Pierce
매튜 리	Matthew Lee
매트 컷츠	Matt Cutts
매트 히튼	Matt Heaton
매홍	Mae Hong
맨 섬	Đảo Man
맨시티	Man City
맨체스터시	Manchester City
머라이어 캐리	Mariah Carey
머라이언 파크	Merlion Park
메건 마클	Meghan Markle
메건 월	Megan Wall
메디나 마켓	Chợ Medina
메르세데스 벤츠	Mercedes Benz
메리 샤프	Mary Sharpe
메리 앤	Mary Anne
메리 제인	Mary Jane
메이요 클리닉	Mayo Clinic
메이지	Minh Trị
메종 달리	Maison Dali
메콩 참	Mekong Charm
멕시코	Mexico	Mê-xi-cô
멕시코 시티	Thành phố Mexico
멕시코만	Vịnh Mexico
멜레티 비블론	Meleti Vivlon
모건 스탠리	Morgan Stanley
모니크 알렉산더	Monique Alexander
모로코	Mộc Lan
모쿠효 신문	Mokuhyou Shinbun
목련 꽃	Hoa Mộc Lan
목요일	Thứ Năm
목요일	Thứ Năm
몬테카를로	Monte Carlo
몰리 카발리	Molly Cavalli
몽고메리 카운티	Quận Montgomery
몽골리아	Mông Cổ
몽블랑	Mont Blanc
몽콕	Vượng Giác	Mong Kok
무앙 치앙	Mueang Chiang
무에타이	Muay Thái
무옹 탄	Mường Thanh
무이네	Mũi Né
무이라 파우마	Muira Pauma
무하 부티크	Mucha Boutique
무화과나무 미크로카르파	Ficus Microcarpa
묵시	Khải Huyền
뮤드퍼드 키	Mudeford Quay
미 스와코	Mi Swaco
미국	Hoa Kỳ	Mỹ
미국	Mỹ	Hoa Kỳ	United States
미셸 오바마	Michelle Obama
미시시피 강	Sông Mississippi
미쓰비시 파제로	Mitsubishi Pajero
미얀마	Myanmar
미우미우	Miu Miu
미주	Châu Mỹ
미케	Mỹ Khê
민 스벤스카	Minh Svenska
민 차우	Minh Châu
민꽝	Minh Quang
민안	Minh An
민주당	Đảng Dân Chủ
민카이	Minh Khai
민탄	Minh Thanh
밍 준	Ming Jun
바나	Bà Nà
바나힐	Bà Nà Hills
바딘	Ba Đình
바르셀로나, 스페인	Barcelona, Tây Ban Nha
바바라 부이	Barbara Bùi
바비 스타	Bobbi Starr
바오 응옥	Bảo Ngọc
바오 칸	Bảo Khánh
바오 트란	Bảo Trần
바오 티엔	Bảo Tiên
바오안	Bảo An
바오안 지구	Quận Baoan
바이 다이	Bãi Dài
바이낸스 아카데미	Học viện Binance Academy	Học viện Binance
바이런 베이	Byron Bay
바이아 치아	Baia Chia
바이아 프린시페	Bahia Principe
바이윈 지구	Quận Baiyun
바이짜이	Bãi Cháy
바이코누르 우주기지	Baikonur Cosmodrome
바자이 펄사	Bajaj Pulsar
바찌에우	Bà Triệu
바토파르 파리	Batofar Paris
바트 심슨	Bart Simpson
바티칸 시국	Thành Vatican
바하마 바레인	Bahamas Bahrain
박닌	Bắc Ninh
박당	Bạch Đằng
박장	Bắc Giang
박총	Pak Chong
반 고흐	Van Gogh
반 깨우	Baan Kaew
반 남탄	Baan Namtarn
반기문	Ban Ki Moon
반농콕	Ban Nongkok
반얀 트리	Banyan Tree
발레리 케이	Valerie Kay
발레아리아 페리	Phà Balearia
발렌타인 데이	Ngày Valentine
발렌티나 나피	Valentina Nappi
발렌틴 샤를라노프	Valentin Sharlanov
발리	Bali
밥 딜런	Bob Dylan
밥 말리	Bob Marley
밥 존스	Bob Jones
밥 힉맨	Bob Hickman
방글라데시	Bangladesh
방글라데시 바쿠	Baku Bangladesh
방룸푸 플레이스	Banglumpoo Place
방비엥	Vang Vieng
방코램	Bang Kho Laem
방콕	Bangkok	Băng Cốc
방타오 비치	Bang Tao Beach
배드 고이젠	Bad Goisern
배드 호네페	Bad Honnef
배턴루지	Baton Rouge
백스트리트 보이즈	Backstreet Boys
뱅뱅	Bang Bang
버논 맥기	Vernon McGee
버니 샌더스	Bernie Sanders
버락 오바마	Barack Obama
버마	Miến Điện
버밍엄 시립 대학교	Birmingham City University
버지니아	Virginia
버진 아일랜드	Quần Đảo Virgin
벌집 푸켓	Beehive Phuket
벌킹추	Bulking Chu
법률 학교	Trường Luật
베나하비스	Benahavís
베르나르도 모타 베이가	Bernardo Mota Veiga
베를린	Béc-lin	Berlin
베어 너클	Bare Knuckle
베이 브릿지	Bay Bridge
베이 웨이리히	Bei Weirich
베이 지역	Bay Area
베이론	Bắc Lôn
베이비 헤이즐	Bé Hazel	Baby Hazel
베이징	Bắc Kinh
베이징 로드꽝	Beijing Road
베이징 싼리툰	Beijing Sanlitun
베이징 옌치	Beijing Yanqi
베이징 완두콩	Beijing Peas
베이징 하이드	Beijing Hyde
베이징 후통	Beijing Hutong
베이커리 블리츠	Bakery Blitz
베이하이 안뜰	Beihai Courtyard
베일론	Bắc Lôn
베일리 블루	Bailey Blue
베클로메타손 디프로피오네이트	Beclomethasone Dipropionate
베트남	Việt Nam
베트남 항공	Vietnam Airlines	hãng hàng không Việt Nam
베티 크로커	Betty Crocker
벤 S. 버냉키	Ben S. Bernanke
벤 리슨	Bến Nghé
벤 탄	Bến Thành
벤 테니슨	Ben Tennyson
벤자민 프랭클린	Benjamin Franklin
벤탄	Bến Thành
벨 에어	Bel Air
벨고로드 연구소	Viện nghiên cứu Belgorod
벨기에	Bỉ
벨기에 브리즈번	Bỉ Brisbane
벨기에 페리	Phà Bỉ
벨라 리스	Bella Reese
벨라 리즈	Bella Reese
벨라 비스타	Bella Vista
벨라 앤	Bella Anne
벨로오리존치	Belo Horizonte
벨로치 페리	Phà Veloci
벽 와셔	Wall Washer
보 응우옌 지압	Võ Nguyên Giáp
보구마 카비센 타이탄지:	Boghuma Kabisen Titanji
보르고 피아지아렐라	Borgo Piaggiarella
보른홀름 페리	Phà Bornholm
보석 옥	Jewels Jade
보우플렉스 익스트림	Bowflex Xtreme
보이 스카우트	Boy Scout
보카 라톤	Boca Raton
보트	BoaT Quay
보트 키	Boat Quay
복건	Phúc Kiến
복음	Phúc Âm
본조비	Bon Jovi
볼데논 스테로이드	Boldenone Steroids
볼데논 운데실레네이트	Boldenone Undecylenate
볼데논 키피오네이트	Boldenone Cypionate
볼보 보컴	Volvo Vocom
부 꾸인 칸	Vũ Quỳnh Khánh
부가티 시론	Bugatti Chiron
부관 페리	Phà Pukwan
부딪힌 콰	Banged Qua
부르 즈 칼리파	Burj Khalifa
부바 해	Biển Buva
부바 해	Buva Sea
부얄스키 일리아 바실리예비치	Buyalsky Ilya Vasilyevich
부에나 비스타	Buena Vista
부에노스 아이레스	Buenos Aires
부이비엔	Bùi Viện
부처님	Đức Thế Tôn
부퀘버스 페리	Phà Buquebus
부키 나 파소	Buốc-ki-na Pha-xô	Burkina Faso
부티크 산	Boutique San
부활절	Lễ Phục Sinh
북 아메리카	Bắc Mỹ
북동	Đông Bắc
북마리아나	Bắc Mariana
북서	Tây Bắc
북아메리카	Bắc Mỹ
북아일랜드	Bắc Ireland
북유럽	Bắc Âu
북인도	Bắc Ấn
북한	Triều Tiên	Bắc Hàn	Bắc Triều Tiên
불치낭트	Bwlch Nant
붕따우	Vũng Tàu
뷰로베리타스	Bureau Veritas
뷰에나파크	Buena Park
브라더스 스테이트	Bang Bros
브라이스 인형	Blythe Doll
브라이언 딘	Brian Dean
브라이언 클라크	Brian Clark
브라이언 트레이시	Brian Tracy
브라이트 어닐링	Bright Annealed
브라츠 사샤	Bratz Sasha
브라츠 클로이	Bratz Cloe
브래드 맥케이	Brad Mackay
브랜든 스미스	Breandon Smith
브랜디 애니스톤	Brandy Aniston
브랜치버그 공원	Branchburg Park
브러시 크릭, 카운티	Brush Creek
브레드 피트	Brad Pitt
브레아 베넷	Brea Bennett
브레앤 벤슨	Breanne Benson
브레이크 캘리퍼	Brake Caliper
브렌트 옥슬리	Brent Oxley
브렛 로시	Brett Rossi
브루노 마스	Bruno Mars
브루스 리	Lý Tiểu Long
브루클린 리	Brooklyn Lee
브룩 리	Brooke Lee
브룩 리 아담스	Brooke Lee Adams
브리 올슨	Bree Olson
브리검 영	Brigham Young
브리아나 뱅크스	Briana Banks
브리아나 프로스트	Brianna Frost
브리짓	Bridget
브리타니 페리	Brittany Ferries
브리트니 스카이	Brittney Skye
브리트니 스티븐스	Britney Stevens
브리트니 스피어스	Britney Spears
브리트니 앰버	Britney Amber
브리티시 컬럼비아	British Columbia
블라디미르 푸틴	Vladimir Putin
블랙 라군	Black Lagoon
블랙마트 알파	Blackmart Alpha
블레이드 러너	Blade Runner
블루 라군	Blue Lagoon
블루베이	Blue Bay
블리스 레이	Bliss Lei
비 소스	Vô Tích
비버 빌더	Beaver Builder
비벌리 힐스	Beverly Hills
비비 존스	Bibi Jones
비시 자이시	Bish Jaishi
비아사트 우크라이나	Viasat Ukraina
비엔나 베트남	Vienna Việt Nam
비엔동	Viễn Đông
비엔안	Viên An
비엔티안	Viêng Chăn
비치 버기	Beach Buggy
비키 벤슨	Vickie Benson
비탈릭 부테린	Vitalik Buterin
비틀즈	The Beatles
빅 난 호	Bích Nhãn Hồ
빅 벤	Big Ben
빅뱅	Big Bang
빅토리아 베컴	Victoria Beckham
빅토리아 웰니스	Vittoria Wellness
빈 투언	Bình Thuận
빈다오	Bình Dao
빈맥스	Bean Max
빈민	Bình Minh
빈센트 C. 그레이	Vincent C. Gray
빈센트 반 고흐	Vincent Van Gogh
빈안	Bình An
빈즈엉	Bình Dương
빈탄	Bình Thạnh
빈탄	Bình Tân
빈펄랜드	Vinpearl Land
빈훙	Vĩnh Hưng
빈흥	Bình Hưng
빌 게이츠	Bill Gates
빌 클린턴	Bill Clinton
빌리 롤랜드	Billy Roland
빌리 아일리시	Billie Eilish
쁘띠 메종	Petite Maison
쁘띠 베인	Petit Bain
사눅 방콕	Sanook Bangkok
사라 셰본	Sarah Shevon
사라 제이	Sara Jay
사라센 베이	Saracen Bay
사라센 베이	Vịnh Saracen
사메드 타니	Samed Thanee
사무엘 깁스	Samuel Gibbs
사법부	Bộ Tư Pháp
사비 방콕	Sabye Bangkok
사삭정원	Sasak Garden
사우디 아라비아	Ả Rập Saudi	Ả Rập Xê Út
사우디 아라비아	Ả Rập Xê Út
사우스 앰보이, 뉴저지	South Amboy, NJ
사우스 캐롤라이나	Nam Carolina
사우스 캐롤라이나	South Carolina
사우스 플로리다	Nam Florida
사이공	Sài Gòn
사이프로우 폴삿	Cyfrowu Polsat
사파	Sa Pa
사파 엘레강스	Sapa Elegance
산 라파엘	San Rafael
산 루이스	San Luis
산 마르코스	San Marcos
산 마리노	San Marino
산 마테오	San Mateo
산 베이	Vịnh San
산 주세페	San Giuseppe
산 카를로스	San Carlos
산 클레멘테	San Clemente
산 파올로	San Paolo
산 페르난도	San Fernando
산 프란체스코	San Francesco
산동	Sơn Đông
산둥성	Tỉnh Sơn Đông
산마르코	San Marco
산세바스티안	San Sebastian
산시	Thiểm Tây
산업	Ngành Công Nghiệp
산업통상자원부	Bộ Công Thương
산타 로사	Santa Rosa
산타 루치아 코추말구아파	Santa Lucía Cotzumalguapa
산타 마리아	Santa Maria
산타 모니카	Santa Monica
산타 바바라	Santa Barbara
산타 시타	Santa Cita
산타 카탈리나	Santa Catalina
산타 크루즈	Santa Cruz
산타 클로스	Santa Claus
산타 테레사	Santa Teresa
산타마르타	Santa Marta
산타아나	Santa Ana
산타클라라	Santa Clara
산타페	Santa Fe
산터우	Sán Đầu
산토 도밍고	Santo Domingo
산티아고의 채찍	Roi Santiago
산페드로	San Pedro
산페드로 아얌푸크	San Pedro Ayampuc
산포콩	San Po Kong
산호 박공	Coral Gables
산호세	San Jose
산호세	San José
산호초	Coral Reef
산후안	San Juan
살루	Salou
살바도르 달리	Salvador Dali
삼센 헤리티지	Samsen Heritage
상 가브리엘	Sao Gabriel
상 라파엘	Sao Rafael
상 루이스	Sao Luis
상 프란시스코	Sao Francisco
상 호세	Sao Jose
상무부	Bộ Thương Mại
상수시	Sans Souci
상파울루	Sao Paulo
상파울루	São Paulo
상페드로	Sao Pedro
상하이	Thượng Hải
상하이	Thượng Hải
상하이 항구	Bến Thượng Hải
상하이항공	Shanghai Airlines
색조	Thừa Thiên Huế
샌 안토니오	San Antonio
샌디에고	San Diego
샌디에이고	San Diego
샌버나디노	San Bernardino
샌프란시스코	San Francisco
생 로랑	Saint Laurent
샤 린	Char Lynn
샤를리즈 테론	Charlize Theron
샤리프 라로쉬	Sharif Laroche
샤리프 라로슈	Sharif LaRoche
샤먼	Hạ Môn
샤먼 항공	Xiamen Airlines
샤오미 미	Xiaomi Mi
샤오미 미지아	Xiaomi Mijia
샤오미 홍미	Xiaomi Redmi
샤토 바쿠스	Chateau Bacchus
샬럿 베일	Charlotte Vale
샴푸 굽기	Ashampoo Burning
서아프리카	Tây Phi
서유럽	Tây Âu
서쪽 호수	Tây Hồ
석가	Thạch Gia
선거일	Ngày Bầu Cử
선전	Thâm Quyến
선전	Thẩm Quyến
설푸릴 플루오라이드	Sulfuryl Fluoride
성. 폴 루터란	St. Paul Lutheran
성령	Đức Thánh Linh
성례전	Bí Tích Thánh
성사판	Saphan Sung
성하 달라이 라마	Đức Đạt Lai Lạt Ma
세르게이 라브로프	Sergei Lavrov
세인트 니콜라스	Thánh Nicholas
세인트 루크	Thánh Luca
세인트 말로	St Malo
세인트 빈센트	Saint Vincent
세인트 앤드류스	St Andrew
세인트 존스	St John
세인트 폴	Saint Paul
세인트 폴 아브	St Paul Ab
세인트 피터스 버그	Thành phố Thánh Phêrô	Sankt-Petersburg
세인트루이스	St Louis
센. 찰스 E	Sen. Charles E
센토사 섬	Đảo Sentosa
셀레나 고메즈	Selena Gomez
셀린 디온	Celine Dion
셔닐 대학	Chenille Varsity
셜록 홈즈	Sherlock Holmes
셴 자이	Thẩm Giai Di
셴젠	Shen Zhen
소녀 단	Girl Scout
소련	Liên Xô
소련	Xô Viết
소림	Thiếu Lâm
소유	Tây Hồ
소이 카이묵	Soi Khaimuk
소피 문	Sophie Moone
소피아 트란	Sophia Tran
소흥	Thiệu Hưng
속산	Sok San
손 테이	Sơn Tây
손나콘	Son Nakhon
손퉁	Sơn Tùng
손트라	Sơn Trà
손호앙	Hoàng Sơn
솔라리아 니시테츠	Solaria Nishitetsu
솔레노이드 밸브	Solenoid Valves
솔로 윌리엄	Soleau William
솔트 레이크시	Salt Lake City
솔트레이크	Salt Lake
송장	Sông Gianh
솽린 지아테	Shuanglin Jiate
수도원 브룩스	Abbey Brooks
수요일	Thứ Tư
순결 린	Chastity Lynn
순더	Thuận Đức
순례자 예약	Pilgrim Reservations
쉐라톤 나	Sheraton Nha
쉐보레 크루즈	Chevrolet Cruze
쉬 차우	Từ Châu
슈퍼 명상	Thiền Siêu
슈퍼 주니어	Super Junior
스레드 로드	Threaded Rod
스리 마리암만	Sri Mariamman
스리랑카	Sri Lanka
스리랑카	Sri Lanka	Xri-lan-ca	Tích Lan
스벤스카 단스크	Svenska Dansk
스와지 릴랑게니	Swazi Lilangeni
스웨덴	Thụy Điển
스위스	Thụy Sĩ
스위스	Thụy Sỹ
스위트 니산타시	Suites Nisantasi
스윙 배리어	Swing Barrier
스이메이칸 카루카야	Suimeikan Karukaya
스자좡	Thạch Gia Trang
스코다 옥타비아	Skoda Octavia
스쿠비 두	Scooby Doo
스타터 킷	Starter Kit
스턴 와서	Stern Wasser
스테로이드 난드롤론	Steroid Nandrolone
스텔라 루멘스	Stellar Lumens
스톡홀름, 스웨덴;	Stockholm, Thụy Điển	Xtốc-Khôm
스티브 잡스	Steve Jobs
스티븐 리 마이어스	Steven Lee Myers
스티븐 호킹	Stephen Hawking
스페인	Tây Ban Nha
스피디 슬리브	Speedi Sleeve
시 아유타야	Si Ayutthaya
시드니 티라나	Sydney Tirana
시라하마 우미노야도	Shirahama Uminoyado
시부야 토부	Shibuya Tobu
시스코 기가비트	Cisco Gigabit
시안	Tây An
시에라 세이지	Ciera Sage
시에라리온	Sierra Leone
시에라리온	Sierra Leonean
시온	Si Ôn
시지 공위안	ShiJi GongYuan
시카고	Chicago
시카고 팟	Chicago Phát
시타딘 베이프런트	Citadines Bayfront
식민 살바도르	Colón Salvador
신 찬	Shin Chan
신디 크로포드	Cindy Crawford
신디 하이	Cindy Hy
신리 에스쿠터	Xinli Escooter
신베이	New Taipei
신베이 구	Quận Xinbei
신약성경	Kinh thánh Tân Ước
신장	Tân Cương
신주쿠 교엔	Shinjuku Gyoen
신화	Tân Hoa
신화통신	Tân Hoa Xã
실데나필 메실레이트	Sildenafil Mesylate
실리카겔	Silica Gel
실비아 세인트	Silvia Saint
심양	Thẩm Dương
십월	Tháng Mười
십월	Tháng Mười
십일월	Tháng Mười Một
싱가포르	Singapore
싱가포르 강	Sông Singapore
싱가포르 창이	Changi Singapore
싱가포르 항공	Singapore Airlines
써니 리온	Sunny Leone
쏘팔메토	Saw Palmetto
쑤언 응우옌	Xuân Nguyễn
쑤언록	Xuân Lộc
쓰촨	Tứ Xuyên
씨엠립	Xiêm Riệp	Siem Reap
아구라 힐즈	Agoura Hills
아그리투리스모 르	Agriturismo Le
아기 엘사	Bé Elsa
아나 폴라	Ana Paula
아나스타시야	Anastasiya
아난다 우붓	Ananda Ubud
아네트 슈바르츠	Annette Schwarz
아놀드 슈왈제네거	Arnold Schwarzenegger
아니사 케이트	Anissa Kate
아니타 헹거	Anita Hengher
아담 램버트	Adam Lambert
아담 스미스	Adam Smith
아덴 대학교	Arden University
아델피 대학교	Adelphi University
아돌프 히틀러	Adolf Hitler
아드리아나 니콜	Adrianna Nicole
아드리아나 루나	Adriana Luna
아드리아나 루나	Adrianna Luna
아드리아나 리마	Adriana Lima
아드리아나 세이지	Adriana Sage
아드리아나 체칙	Adriana Chechik
아드리안 구두스	Adrian Gudus
아랍 에미리트	United Arab Emirates	Các Tiểu Vương Quốc Ả Rập Thống Nhất
아랍에미리트	các Tiểu vương quốc Ả Rập Thống Nhất	United Arab
아론 코놀리	Aaron Connolly
아르 데코	Art Deco
아르메니아	Armenia
아르반 사베티안	Arvand Sabetian
아르헨티나	Argentina
아리아 스타크	Arya Stark
아리아나 그란데	Ariana Grande
아리안 숲	Arian Forest
아리안 아스틴	Ahryan Astyn
아리엘라 부티크	Areela Boutique
아리엘라 페레라	Ariella Ferrera
아마이 리우	Amai Liu
아마존 기프트 카드	Amazon Gift Card
아마존 방갈로	Amazon Bungalow
아메리칸 대학교	American University	Trường Đại học American
아메리칸 에어 라인	American Airlines
아멜리아 에어하트	Amelia Earhart
아모이	Hạ Môn
아미아 마일리	Amia Miley
아미아 모레티	Amia Moretti
아베 마리아	Ave Maria
아벨 태즈먼	Abel Tasman
아벨라 앤더슨	Abella Anderson
아보다 자라	Abhodah Zarah
아부 다비	Abu Dhabi
아브라함 링컨	Abraham Lincoln
아비가일 존슨	Abigaile Johnson
아비게일 맥	Abigail Mac
아사 아키라	Asa Akira
아사쿠사 본점	Asakusa Honten
아서 라틴 아르토리우스	Arthurr Latin Artorius
아세리스 법칙	Luật Aceris
아스펜 스티븐스	Aspen Stevens
아시아	Châu Á
아시아 마일즈	Asia Miles
아야나 티엔	Ayana Thiên
아오낭 크라비	Aonang Krabi
아요제 페레즈	Ayoze Perez
아우라 타치바나	Aura Tachibana
아우를란트 피요르드호텔	Aurland Fjordhotel
아우코	Au Co
아웅산 수지	Aung San Suu Kyi
아유타야 방콕	Ayutthaya Bangkok
아이 유메미	Ai Yumemi
아이리시 페리	Phà Ailen
아이보리 해안	Bờ Biển Ngà
아이쉬와라 라이	Aishwarya Rai
아이시스 테일러	Isis Taylor
아이작 뉴턴	Isaac Newton
아일랜드	Ai-len	Ireland
아일랜드	Ái Nhĩ Lan	Ai Len
아제르바이잔 오스트리아	Áo Azerbaijan
아카네 호타루	Akane Hotaru
아크로니스 랜섬웨어	Acronis Ransomware
아테네	Athens	A-ten
아파치 스파크	Apache Spark
아파트호텔 다비즈	Aparthotel Davids
아프가니스탄 알바니아	Afghanistan Albania
아프리카	Châu Phi
아프릴리아 스카라베오	Aprilia Scarabeo
아피주 펜포	Apiju Fenfo
악조 노벨	Akzo Nobel
안 디 트라흐	An Dĩ Trạch
안 시앙	Ann Siang
안 호아	An Hòa
안나 니콜 스미스	Anna Nicole Smith
안나 마리	Anna Marie
안나 마리아	Anna Maria
안나 폴리나	Anna Polina
안드라프라데시	Andhra Pradesh
안드리스 피발스	Andris Piebalgs
안보부	Bộ An Ninh
안빈	An Bình
안세 코숑	Anse Cochon
안수 파티	Ansu Fati
안젤로 베르뮐렌	Angelo Vermeulen
안젤리나 발렌타인	Angelina Valentine
안젤리나 졸리	Angelina Jolie
안젤리나 카스트로	Angelina Castro
안젤리나 크로우	Angelina Crow
안젤리카 레이븐	Angelica Raven
안젤리카 레인	Angelica Lane
안젤리카 팀	Angelica Tim
안토니오 모나코	Antonio Monaco
안푸	An Phú
안핑 현	Anping County	Quận An Bình
안후이	An Huy
알 바르샤	Al Barsha
알 아인	Al Ain
알 자지라	Al Jazeera
알라나 나	Alana Nha
알라나 레이	Alanah Rae
알라나 에반스	Alana Evans
알레아 아파트	Alea Apartments
알레타 오션	Aletta Ocean
알레타 오션	Aletta Đại dương
알레타 즈엉	Aletta Dương
알레한드라 마데로스	Alejandra Maderos
알렉사 니콜	Aleksa Nicole
알렉사 벤슨	Alexa Benson
알렉산더 그레이엄	Alexander Graham
알렉산더 그레이엄 벨	Alexander Graham Bell
알렉산더 대왕	Alexander Đại đế
알렉산더 맥퀸	Alexander McQueen
알렉산더 베레즈노프	Alexander Berezhnov
알렉산더 트루칸	Alexander Trukan
알렉산드라 다다리오	Alexandra Daddario
알렉산드라 아이비	Alexandra Ivy
알렉스 곤즈	Alex Gonz
알렉스 토드	Alex Todd
알렉시스 말론	Alexis Malone
알렉시스 브리즈	Alexis Breeze
알렉시스 실버	Alexis Silver
알렉시스 텍사스	Alexis Texas
알렉시스 파	Alexis Pha
알렉시스 폭스	Alexis Fawx
알렉트라 블루	Alektra Blue
알로하멘토 벨라	Alojamento Bela
알루라 젠슨	Alura Jenson
알리나 리	Alina Li
알리바바	Alibaba
알리사 리스	Alyssa Reece
알리사 밀라노	Alyssa Milano
알리사 홀	Allyssa Hall
알리샤 레인	Alisha Laine
알리시아 로즈	Alicia Rhodes
알리시아 티엔	Alicia Thiên
알리시아 폭스	Alicia Foxx
알리아 재닌	Alia Janine
알버트 아인슈타인	Albert Einstein
알버트 트로터	Albert Trotter
알베르 카뮈	Albert Camus
알베르고 디퓨소	Albergo Diffuso
알제리	Algeria
알제리 앙골라	Algiers Angola
알제리 영사관	Lãnh sự quán Algeria
알제리 페리	Phà Algeria
알카트라즈 섬	Alcatraz Island
알카트라즈 크루즈	Alcatraz Cruises
알파 로미오	Alfa Romeo
알프레드 판지오	Alfréd Panzió
암브레 그리	Ambre Gris
암스테르담	Amsterdam
암스테르담	Amsterdam	Am-xtéc-đam
암포무앙	Amphoe Mueang
암호화폐 주석	CryptoCurrency Tin
앙겔라 메르켈	Angela Merkel
앙코르 와트	Angkor Wat
애니 크루즈	Annie Cruz
애디슨 로즈	Addison Rose
애비 브룩스	Abbey Brooks
애슐리 그레이엄	Ashley Graham
애슐리 오리온	Ashli Orion
애슐린 레이	Ashlyn Rae
애스턴 마틴	Aston Martin
애저 익스프레스 루트	Azure ExpressRoute
애틀랜틱시티	Atlantic City
앤 난바	Ann Nanba
앤 마리	Ann Marie
앤 마리	Ann-Marie
앤 마리 리오스	Ann Marie Rios
앤 페이버	Anne Faber
앤 해서웨이	Anne Hathaway
앤드류 솔로몬	Andrew Solomon
앤드류 캐릭 고우	Andrew Carrick Gow
앤디 산	Andy San
앤디 산 디마스	Andy San Dimas
앤디 앤더슨	Andi Anderson
앤서니 엠 케네디	Anthony M. Kennedy
앤아버	Ann Arbor
앨 고어	Al Gore
앨런 차오	Alan Cao
앨런 코헨	Alan Cohen
앨런 튜링	Alan Turing
앨리 신	Allie Sin
앨리 앤	Ally Ann
앨리 제임스	Allie James
앨리 조던	Allie Jordan
앨리 헤이즈	Allie Haze
앨리스 로메인	Alice Romain
앨리스 스프링스	Alice Springs
앨리스 프로스트	Alice Frost
앨리슨 레이	Alison Rey
앨리슨 와이트	Allison Wyte
앨리슨 타일러	Alison Tyler
앨리슨 티엔	Alison Thiên
앨빈 모날	Alvin Monal
앰버 레인	Amber Rayne
앰버 린	Amber Lynn
앰버 알	Amber Al
앱 스토어	App Store
야마자토노이오리 소에네	Yamazatonoiori Soene
얀 베르메르	Jan Vermeer
양숴 서더	Yangshuo Sudder
양저우	Dương Châu
양쯔강	Dương Tử
어니스트 헤밍웨이	Ernest Hemingway
어드벤처 파크	Adventure Park
어메이즈핏 버지	Amazfit Verge
어바나 아돌포	Urbana Adolfo
어바인 밸리	Irvine Valley
에드 시런	Ed Sheeran
에드바르 뭉크	Edvard Munch
에드워드 스노 든	Edward Snowden
에디 머크스	Eddy Merckx
에디 반 쿤	Eddie Van Coon
에라스무스 문두스	Erasmus Mundus
에르네스토 발베르데	Ernesto Valverde
에리카 로렌	Erica Lauren
에리카 폰테스	Erica Fontes
에릭 H. 홀더	Eric H. Holder
에릭 루페스	Erik Luppes
에릭 슈미트	Eric Schmidt
에릭 에버하드	Erik Everhard
에릭 칸토나	Eric Cantona
에마뉘엘 마크롱	Emmanuel Macron
에밀 쿠에	Émile Coué
에밀리 다빈치	Emily Davinci
에밀리 애디슨	Emily Addison
에밀리아 로마냐	Emilia Romagna
에밀리아 클라크	Emilia Clarke
에바 노티	Eva Notty
에바 디바인	Ava Devine
에바 아담스	Ava Addams
에바 안젤리나	Eva Angelina
에바 카레라	Eva Karera
에바 항공	EVA Air
에블린 린	Evelyn Lin
에스페란자 고메즈	Esperanza Gomez
에어 아라비아	Air Arabia
에어 유로파	Air Europa
에이든 스타	Aiden Starr
에이든 아스펜	Aiden Aspen
에이든 애슐리	Aiden Ashley
에이미 리드	Amy Reid
에이미 브룩	Amy Brooke
에이미 애디슨	Aimee Addison
에이브릴 라빈	Avril Lavigne
에즈 렌다	Ez Renda
에크하르트 톨레	Eckhart Tolle
에키마에 오비히로	Obihiro Ekimae
엑스웨니 베이	Xwejni Bay
엔 헝	Hưng Yên
엔터프라이즈 리눅스	Enterprise Linux
엔터프라이즈 스위트	Suite Enterprise
엘 고르도	El Gordo
엘 란초	El Rancho
엘 맥퍼슨	Elle Macpherson
엘 미라솔	El Mirasol
엘 카미노	El Camino
엘 카프리초	El Capricho
엘 토레로	El Torero
엘 히에로	El Hierro
엘도라도	El Dorado
엘라 밀라노	Ella Milano
엘레나 그리말디	Elena Grimaldi
엘룬다 베이	Elounda Bay
엘리 릴리	Eli Lilly
엘리너 루즈벨트	Eleanor Roosevelt
엘리자베스 2세	Elizabeth II
엘리자베스 델 마르	Elizabeth Del Mar
엘리자베스 맥게베런	Elizabeth McGeveran
엘리자베스 앤	Elizabeth Ann
엘리자베스 테일러	Elizabeth Taylor
엘비스 프레슬리	Elvis Presley
엘살바도르	El Salvador
엘튼 존	Elton John
엘패소	El Paso
엠마 왓슨	Emma Watson
엠마 팀	Emma Tim
엠버시 스위트	Embassy Suites
엡손 스타일러스	Epson Stylus
여름 학교	Summer School
여요	Dư Diêu
연합 국가	Liên Hợp Quốc
영국	Anh Quốc	Anh	nước Anh
영국	Vương Quốc Anh	Anh Quốc	nước Anh	Anh
영국 문화원	British Council
영국항공	British Airways
영순	Yung Soon
예루살렘	Giê-ru-sa-lem
예수	Chúa Giê Su
예수	Chúa Giêsu	Chúa Jêsus
예수 그리스도	Chúa Giêsu Kitô
예수 그리스도	Jesus Christ
예술 박물관	Art Museum
예술 학교	Trường Nghệ Thuật
예술대학	Trường Đại học Mỹ Thuật
예테보리, 스웨덴	Gothenburg, Thụy Điển
옌짱	Yến Trang
옌퐁	Yên Phong
오 클레어	Eau Claire
오가와 아사미	Asami Ogawa
오드리 비토니	Audrey Bitoni
오드리 홀랜더	Audrey Hollander
오라카이 인사동	Orakai Insadong
오렌지 라인	Cam Ranh
오렌지 카운티	Quận Cam
오로라	Dương Minh
오르페크 Azurelite	Orphek Azurelite
오르페크 나선	Orphek Helix
오르페크 대서양	Orphek Atlantik
오르페크 아마조나스	Orphek Amazonas
오리오스발도 코스타	Oriosvaldo Costa
오볼론스카 부두	Obolonska Quay
오브리 아담스	Aubrey Adams
오비히로 츄오	Obihiro Chuo
오사카 난바	Osaka Namba
오사카 우메다	Osaka Umeda
오사카 홋코	Osaka Hokko
오세아니아	Châu Đại Dương
오스위고 호수	Lake Oswego
오스카 와일드	Oscar Wilde
오스틴 ISD	Austin ISD
오스틴 킨케이드	Austin Kincaid
오이스터 퍼페츄얼	Oyster Perpetual
오차드 로드	Orchard Road
오클라호마시티	Oklahoma City
오클리 학교	Trường Oakleigh
오푸스 데이	Opus Dei
온주	Ôn Châu
온천 니혼슈	Onsen Nihonshu
올랜도 메트로폴리탄	Orlando Metropolitan
와와 타리파	Wawa Tarifa
와이어 로프	Wire Rope
와이트링크 페리	Phà Wightlink
완차이	Quận Loan Tể	Wan Chai
왓 카오	Wat Khao
왓 후아	Wat Hua
외교부	Bộ Ngoại Giao
외국인학교	Trường Ngoại Ngữ
요시오카 학교	Trường Yoshioka
요시이케 료칸	Yoshiike Ryokan
요코하마 칸나이	Yokohama Kannai
요한 세바스찬	Johann Sebastian
용융 흐름	Melt Flow
용화구	Quận Longhua
우루과이 페소	Peso Uruguay
우루룬 가와구치코	Ururun Kawaguchiko
우본라차타니	Ubon Ratchathani
우쑤언	Xuan Wu
우즈베키스탄	Uzbekistan	U-zơ-bê-ki-xtan
우츠노미야 토부	Utsunomiya Tobu
우크라이나	Ukraina
우크라이나	Ukraina	U-crai-na
우크라이나 흐리브냐	Hryvnia Ucraina
우한	Vũ Hán
운남	Vân Nam
울트라 싱가포르	Ultra Singapore
워너 브라더스	Warner Bros
워드 벤	Ward Ben
워렌 버핏	Warren Buffett
워릭 모터	Warwick Motor
워싱턴 DC	Washington DC
워싱턴 주	Washington State
워터 파크	Water Park
원활한	Liền Mạch
월스트리트	Phố Wall
월요일	Thứ Hai
월트 디즈니	Walt Disney
웨스턴 유니언	Western Union
웨스텔라 콜로니얼	Westella Colonial
웨스트 센트럴	Tây Trung
웨스트 체스터	West Chester
웨이 블레이드	Way Blade
웨이팡	Duy Phường
웨이하이	Uy Hải
웨일즈	Xứ Wales
웨장 종	Yuejiang Zhong
위앙 치앙 콩	Wiang Chiangkhong
위엔롱카우	Yuen Long Kau
윈난	Vân Nam
윈스턴 처칠	Winston Churchill
윌리엄 솔로	William Soleau
윌리엄 커틀리	William Kirtley
윌리엄 힐	William Hill
유고슬라비아	Nam Tư
유니언 스퀘어	Union Square
유대인	Do Thái
유라리 로쿠묘	Yurari Rokumyo
유럽	Châu Âu
유럽 대학 키프로스	European University Cyprus
유발 노아 하라리	Yuval Noah Harari
유엔	Liên Hiệp Quốc
유텔새트 핫	Eutelsat Hot
유후인 산토우칸	Yufuin Santoukan
육군본부	Bình Định
응안 지구	Quận Ngân
응안 차우	Ngân Châu
응옥 란	Ngọc Lan
응옥 안	Ngọc Anh
응옥 칸	Ngọc Khánh
응우옌 꾸인	Nguyễn Quỳnh
응우옌 딘	Nguyễn Đình
응우옌 민 트리엣	Nguyễn Minh Triết
응우옌 반 린	Nguyễn Văn Linh
응우옌 안	Nguyễn Anh
응우옌 티 민	Nguyễn Thị Minh
응우옌 후에	Nguyễn Huệ
응우옌 후타이	Nguyễn Hữu Tài
응우옌 후환	Nguyễn Hữu Huân
이계란	Keiran Lee
이란시	Yilan City
이명박	Lee Myung Bak
이방카 트럼프	Ivanka Trump
이브 로렌스	Eve Lawrence
이사벨라 소프라노	Isabella Soprano
이사벨라 클라크	Isabella Clark
이솔라 산	Isola San
이스라엘	Israel
이스코마르 페리	Iscomar Phà
이스탄불	Istanbul
이스트 미들랜즈	East Midlands
이스트 앵글리아	East Anglia
이스트런던	East London
이스틴 타이베이	Eastin Taipei
이안 에릭스	Ian Erix
이오니아 페리	Phà Ionian
이오스 코라	Ios Chora
이준	Lee Joon
이즈미야 젠베	Izumiya Zenbe
이집트	Ai Cập
이탈리아	Ý
이탈리아	Ý	Nước Ý	Italy
이태	Tai Lee
인도	Ấn Độ
인도네시아 아일랜드	Indonesia Ireland
인도양	Ấn Độ Dương
인도차이나	Đông Dương
인디아나 존스	Indiana Jones
인민당	Đảng Nhân Dân
인조 잔디	Artificial Grass
일론 머스크	Elon Musk
일리아 바실리예비치	Ilya Vasilyevich
일본	Nhật Bản
일본 도쿄	Nhật Tokyo
일본 엄마	Japanese Mom
일본어학교	Trường Tiếng Nhật
일본항공	Japan Airlines	hãng hàng không Nhật Bản
일요일	Chủ Nhật
잉 젠	Ying Zhen
자금성	Tử Cấm Thành
자나 요르단	Jana Jordan
자나 코바	Jana Cova
자넷 메이슨	Janet Mason
자넷 잭	Janet Jacme
자넷 잭슨	Janet Jackson
자바오	Gia Bảo
자시	Từ Khê
자이르 보우소나루	Jair Bolsonaro
잔테 페리	Phà Zante
장 조셉	Jean Joseph
장보	Giang Võ
장시	Giang Tây
장쑤 종	Giang Tô
장자	Trương Gia
장자제 얀란	Zhangjiajie Yanran
재니스 조플린	Janis Joplin
재스민 린	Jasmine Lynn
재클린 트엉	Jaclyn Trường
재키 린	Jackie Lin
재팬 호퍼스	Japan Hoppers
잭 그릴리쉬	Jack Grealish
잭 마	Jack Ma
잭 체다	Jack Cheddar
잭 콘필드	Jack Kornfield
저스틴 비버	Justin Bieber
저스틴 졸리	Justine Joli
저스틴 팀버레이크	Justin Timberlake
저우 저우	Chu Châu
저장성	Chiết Giang
저장성	Tỉnh Chiết Giang
저지시티	Jersey City
전원 패널	Panel Năng
정저우	Trịnh Châu
제나 로스	Jenna Ross
제나 프레슬리	Jenna Presley
제나 헤이즈	Jenna Haze
제네바	Geneva
제니 모	Jenny Mo
제니 헨드릭스	Jenny Hendrix
제니퍼 로페즈	Jennifer Lopez
제라미 톰슨	Jeramey Thompson
제레미 아이언스	Jeremy Irons
제시 로저스	Jessie Rogers
제시 앤드류스	Jessie Andrews
제시 팔머	Jessi Palmer
제시카 드레이크	Jessica Drake
제시카 방콕	Jessica Bangkok
제시카 심슨	Jessica Simpson
제시카 알바	Jessica Alba
제시카 제이메스	Jessica Jaymes
제이 월재스퍼	Jay Walljasper
제이다 스티븐스	Jada Stevens
제이든 제임스	Jayden James
제이든 제임스	Jayden Jaymes
제이미 발렌타인	Jamie Valentine
제이미 오팔척	Jamie Opalchuk
제이슨 차우	Jason Chow
제이슨 코헨	Jason Cohen
제임스 딘	James Dean
제임스 딘	James Deen
제임스 매디슨	James Madison
제임스 본드	James Bond
제임스 브로스만	James Brossman
제임스 블런트	James Blunt
제임스 세인트	James St
제임스 제인스	Jamey Janes
제임스 해리슨	James Harrison
제주도	Đảo JeJu
제지벨 본드	Jezebelle Bond
제트 스키	Jet Ski
제트 프라이빗	Jet Private
제프 베조스	Jeff Bezos
제프 스타	Jeff Starr
젠볼트 하이	Genvolt High
젤레나 젠슨	Jelena Jensen
젤소프트 엔터프라이즈	Jelsoft Enterprises
젬마 수쿰빗	Gemma Sukhumvit
조 바이든	Joe Biden
조 슈스터	Joe Shuster
조니 성	Johnny Castle
조니 씬	Johnny Sins
조던 애쉬	Jordan Ash
조디 웨스트	Jodi West
조르디 알바	Jordi Alba
조르지오 아르마니	Giorgio Armani
조반니 바티스타	Giovanni Battista
조셉 스미스	Joseph Smith
조안 매드	Joan Mad
조엘 추아	Joel Chua
조잔케이 만세이카쿠	Jozankei Manseikaku
조지 C. 마샬	George C. Marshall
조지 H.W. 부시	George H.W. Bush
조지 메이슨	George Mason
조지 버나드 쇼	George Bernard Shaw
조지 워싱턴	George Washington
조지 클루니	George Clooney
조지아 서던 대학교	Georgia Southern University	Đại học Nam Georgia
조지아 존스	Georgia Jones
조지타운	George Town
조호바루	Johor Bahru
존 도우	John Doe
존 디어	John Deere
존 럼리	John Lumley
존 레논	John Lennon
존 레전드	John Legend
존 마샬	John Marshall
존 맨	John Mạnh
존 메이너드	John Maynard
존 스노우	Jon Snow
존 싱어	John Singer
존 윅	John Wick
존 제이	John Jay
존 존	Jon Jon
존 크로닌	John Cronin
존 트라볼타	John Travolta
존 폴	John Paul
존스 랭	Jones Lang
존스 아레나	Jones Arena
존스 크릭	Johns Creek
존스 홉킨스	Johns Hopkins
존슨 비	Johnson Vee
존슨 와이어	Johnson Wire
졸탄 타녹	Zoltán Tárnok
좀티엔 카오	Jomtien Khao
종하이	Trung Hải
주니어 스위트	Suite Junior
주앙 페소아	João Pessoa
주하이	Chu Hải
준 론	Jun Ron
줄리아 본드	Julia Bond
줄리아 앤	Julia Ann
줄리아 카메론	Julia Cameron
줄리안 허프	Julianne Hough
줄리어스 시저	Julius Caesar
줄스 조던	Jules Jordan
줌마 무바라크	Jumma Mubarak
중국	Trung Quốc	Trung Hoa
중국	Trung Quốc	Trung hoa	Tàu khựa	Tàu
중국 닝보	Ningbo Trung Quốc	Ninh Ba Trung Quốc
중동	Trung Đông
중산	Trung Sơn
중서부	Trung Tây
중앙아프리카	Trung Phi
중한 페리	Phà Zhonghan
중화 인민 공화국	Dân Quốc
중화항공	China Airlines	hãng hàng không Trung Quốc
쥬라기 공원	Công viên Jurassic
쥬엘츠 벤츄라	Juelz Ventura
즈엉 동	Dương Đông
즈엉 속	Dương Sóc
지구	Trái Đất
지나 거슨	Gina Gerson
지나 디바인	Gina Devine
지나 린	Gina Lynn
지나 밀라노	Gina Milano
지나 바달라티	Gina Badalaty
지난	Tế Nam
지난, 중국	Tế Nam, Trung Quốc
지미 카터	Jimmy Carter
지아 디마르코	Gia Dimarco
지아 훙	Gia Hưng
지아나 마이클스	Gianna Michaels
지오메트리 대시	Geometry Dash
지저스 크리스토	Jesus Cristo
지젤 레온	Giselle Leon
지중해	Địa Trung Hải
지즈 벙커	Jizz Bunker
지지 하디드	Gigi Hadid
지프 그랜드	Jeep Grand
지프 랭글러	Jeep Wrangler
진주만	Trân Châu Cảng
진촌 페리	Phà Jinchon
질리언 잰슨	Jillian Janson
짐 데노미	Jim Denomie
징기스칸	Thành Cát Tư Hãn
징크스 미로	Jynx Maze
짱안	Tràng An
쩐 두이	Trần Duy
쩐 훙	Trần Hùng
쩐 훙 다오	Trần Hưng Đạo
쩐장	Trấn Giang
쩐푸	Trần Phú
쩐흥다오	Trần Hưng Đạo
쭝 비엣	Trung Việt
쭝 치	Trung Chi
쯔엉꾸옥	Trương Quốc
차오 상허지아	Shanghejia Cao
차오프라야	Chao Phraya
차오프라야 강	Sông Chao Phraya
차오훙	Cao Hùng
차우두단	Châu Du Dân
차우틴찌	Châu Tinh Trì
차이나타운	China Town
차이완	Chai Wan
찰롬 프라 키앗,	Chaloem Phra Kiat
찰리 레인	Charlie Laine
찰리 리	Charlie Lee
찰리 채플린	Charlie Chaplin
찰리 체이스	Charley Chase
찰스 다윈	Charles Darwin
찰스 디킨스	Charles Dickens
창 사바이	Chang Sabai
창저우	Thường Châu
창티	Chang Tee
채플 힐	Chapel Hill
척 검버트	Chuck Gumbert
천안문	Thiên An Môn
천진	Thiên Tân
천칭	Thiên Bình
청나일	Blue Nile
청두	Thành Đô
청두 올드	Chengdu Old
청민	Cherng Min
청이	Cherng Yi
체리 레인	Cherry Lane
체이스 윌리엄스	Chase Williams
체코 공화국	Cộng Hòa Séc
체코 항공	Czech Airlines
체코어	Cộng Hòa Séc
첵랍콕	Xích Liệp Giác
첸 웬	Chen Wen
첸강 마린	QianGang Marine
최수희	Soohee Choi
추수감사절	Lễ Tạ Ơn
추신수	Choo Sin Soo
충전 컨트롤러	Charge Controller
충칭	Trùng Khánh
취안저우	Tuyền Châu
치니타스 어반	Chinitas Urban
치비 마루코 짱	Chibi Maruko-chan	Nhóc Maruko
치아 라구나	Chia Laguna
치아의 사원	Chùa Răng
치앙 라이	Chiang Rai
치앙 마이	Chiang Mai
치앙마이	Chiang Mai
치치	Chi Chi
치푸	Chi Pu
친양 셴펑	Qinyang Xianfeng
친퀘테레	Cinque Terre
칠레 다카	Chile Dhaka
칠면조	Thổ Nhĩ Kỳ
칠월	Tháng Bảy
칠월	Tháng Bảy
침사	Tsim Sha
칭다오	Thanh Đảo
칭다오 밍주	Qingdao Mingzhu
칭다오 쑹벤	Qingdao Songben
칭다오 홍다	Qingdao Hongda
칭하이	Thanh Hải
카나리아 부티크	Canary Boutique
카나리아 제도	Canary Islands
카날 이스탄불	Kanal Istanbul
카니 예 웨스트	Kanye West
카라스마 시조	Shijo Karasuma
카랑 메사리	Karang Mesari
카레 에덴	Carré Eden
카를 마르크스	Karl Marx
카를교	Charles Bridge
카메론 캐나다	Cameron Canada
카메론 크루즈	Cameron Cruise
카밀라 카베요	Camila Cabello
카바나 리페	Cabana Lipe
카보 산 루카스	Cabo San Lucas
카사 루랄	Casa Rural
카사 바칸체	Casa Vacanze
카사 에차바리아	Casa Echavarria
카사 카티아	Kasa Katia
카산드라 닉스	Cassandra Nix
카산드라 칼로제라	Cassandra Calogera
카스퍼스키 시큐어	Kaspersky Secure
카시 제임스	Casi James
카오 트엉	Cao Trường
카오락	Khao Lak
카오산	Khao San
카오산 교토	Khaosan Kyoto
카오산 도쿄	Khaosan Tokyo
카오산 월드	Khaosan World
카오야이 테라조	Khaoyai Terrazzo
카오프라	Khao Phra
카이 호안	Khải Hoàn
카이로	Cairô
카이아 거버	Kaia Gerber
카이엔 클라인	Cayenne Klein
카이트 투르한	Cahit Turhan
카일라 카레라	Kayla Carrera
카일리 제너	Kylie Jenner
카자흐스탄	Kazakhstan	Cộng Hòa Kazakhstan	Ca-dắc-xtan
카챠 카신	Katja Kassin
카타르	Qatar
카탈리나 테일러	Catalina Taylor
카터 크루즈	Carter Cruise
카터 크루즈와	Carter Cruise
카톨릭 교회	Đạo Công Giáo
카트리나 크레이븐	Katrina Kraven
카티아 노빌리	Kathia Nobili
카펫 타일	Carpet Tiles
카프리 앤더슨	Capri Anderson
카플란 싱가포르	Kaplan Singapore
칸 마우	Cân Mậu
칸 지오 지구	Huyện Cần Giờ
칸 호아	Khánh Hòa
칸차나부리 크라비	Kanchanaburi Krabi
칸토	Cần Thơ
칼 라거 펠트	Karl Lagerfeld
칼 헨리	Carl Henry
칼레나 리오스	Kalena Rios
칼리 클로스	Karlie Kloss
캄 리메이크	Kam Remake
캄보디아 앙코르	Cambodia Angkor
캄파닐레 리스본	Campanile Lisboa
캄퐁 글램	Kampong Glam
캉사이공	Cảng Sài Gòn
캐그니 린	Kagney Linn
캐그니 린 카터	Kagney Linn Karter
캐그니 카터	Kagney Karter
캐나다	Canada
캐롤 골드네로바	Carol Goldnerova
캐롤 타이스	Carol Tice
캐롤라인 피어스	Caroline Pierce
캐롤린 리스	Carolyn Reese
캐서린 그리스	Catherine Hy Lạp
캐세이퍼시픽	Cathay Pacific
캔디 로얄	Kandy Royal
캔디 맨슨	Candy Manson
캔버라 영사	Lãnh sự quán Canberra
캔자스시	Kansas City
캔톤 페어	Canton Fair
캘리포니아	California	Ca-li-phót-ni-a	Ca-li-phoóc-ni-a	Ca-li-phoóc-nha	Cali
캘빈 클라인	Calvin Klein
캘빈 해리스	Calvin Harris
캠 차우	Cẩm Châu
캠남	Cam Nam
캠브리아 더럼	Cambria Durham
캠브리아 스위트	Cambria Suites
캡틴 아메리카	Captain America
커민	Cumin
컨트리 리트리트	Country Retreat
컬럼비아	Columbia
컬루 코티지	Curlew Cottage
컬투라 이탈리아나	Cultura Italiana
케리 루이스	Kerry Louise
케리린 엥겔	KeriLynn Engel
케빈 멀둔	Kevin Muldoon
케빈 코스트너	Kevin Costner
케이 콜커	Caye Caulker
케이 파커	Kay Parker
케이시 조던	Kacey Jordan
케이시 칼버트	Casey Calvert
케이지도샤 켄사	Keijidousha Kensa
케이트 미들턴	Kate Middleton
케이트 스페이드	Kate Spade
케이트 울포드	Kate Wolford
케이트 윈슬렛	Kate Winslet
케이티 세인트	Katie St
케이티 조던	Katie Jordan
케이티 조딘	Katie Jordin
케이티 콕스	Katie Kox
케이티 티엔	Katie Thiên
케이티 페리	Katy Perry
케이프 대구	Cape Cod
케이프 메이	Cape May
케이프 베르딘	Cape Verdean
케이프 커내버럴	Cape Canaveral
케이프 타운	Cape Town
케일라 페이지	Kayla Paige
켄 윌버	Ken Wilber
켄달 제너	Kendall Jenner
켄달 카슨	Kendall Karson
켄드라 정욕	Kendra Lust
켄트 릿지	Kent Ridge
켄팅 미라	Kenting Mira
켄팅 코지	Kenting Cozy
켈라이트 밸브	Kelite Valve
켈리 디바인	Kelly Divine
켈리 리	Kelly Leigh
켈리 매디슨	Kelly Madison
켈리 시바리	Kelly Shibari
켈리 클락슨	Kelly Clarkson
켑 방갈로	Kep Bungalows
코 리페	Ko Lipe
코 아일랜드	Đảo Ko
코니카 미놀타	Konica Minolta
코란	Koh Larn
코란타	Ko Lanta
코롱	Koh Rong
코롱 삼로엠	Koh Rong Samloem
코르도바	Cordoba
코르시카 페리	Phà Corsica
코르푸 타운	Corfu Town
코리아 콘도	Corea Condo
코린 베일리 레이	Corinne Bailey Rae
코마나브 페리	Phà Comanav
코사메드	Ko Samed
코사무이	Koh Samui
코스타 브라바	Costa Brava
코스타리카	Costa Rica
코창	Koh Chang
코카콜라	Coca Cola
코코 리버사이드	CoCo Riverside
코콩	Koh Kong
코파	COPPA
코파 항공	Copa Airlines
코파항공사	Copa Airlines
코팡안	Ko Pha Ngan
코팡안	Koh Phangan
코퍼스 크리스티	Corpus Christi
코피피	Ko Phi Phi	Koh Phi Phi	Đảo Phi Phi
콘티넨탈 오토모티브	Tô Châu
콘티넨탈항공	Continental Airlines
콜로세움 크릭	Colosseum Creek
콩더 골목	Congde Alley
쿠알라 룸푸르	Kuala Lumpur
쿠에 미	Khuê Mỹ
쿠오 슈아이	Kuo Shuay
쿤밍	Côn Minh
쿤산	Côn Sơn
쿵푸	Kung Fu
퀴논	Quy Nhơn
큐빅 지르코니아	Cubic Zirconia
크라비 헤리티지	Krabi Heritage
크로아티아 쿠나	Kuna Croatia
크롤러 불도저	Crawler Bulldozer
크롱 프레아	Krong Preah
크룸 하카타	Croom Hakata
크리스 마틴	Chris Martin
크리스 아모라	Kris Amora
크리스 앤더슨	Chris Anderson
크리스 프랫	Chris Pratt
크리스마스	Giáng Sinh
크리스찬 디올	Christian Dior
크리스찬 베일	Christian Bale
크리스토퍼 얀	Christopher Jan
크리스토프 마르츠	Christophe Martz
크리스티 맥	Christy Mack
크리스티나 아길레라	Christina Aguilera
크리스티아누 센토	Cristiano Cento
크리스티아누 호날두의	Cristiano Ronaldo
크리스티안	Cristian
크리스티안 시스마루	Cristian Cismaru
크리스틴 응우옌	Christine Nguyen
크리시 린	Krissy Lynn
크릭	Creek
클라라 모르간	Clara Morgane
클라우디아 아담스	Claudia Adams
클락 칼리지	Clark College
클락 키	Bến Clarke	Clarke Quay
클래시 로얄	Clash Royale
클레어 로빈스	Claire Robbins
클레어 아담스	Claire Adams
클로드 모네	Claude Monet
클로이 포스터	Chloe Foster
클린 내분비	Clin Endocrinol
클린 뉴트르	Clin Nutr
키노타케 토노사와	Kinnotake Tonosawa
키리나 레트로	Kirina Retro
키스톤 잭	Keystone Jack
키아누 리브스	Keanu Reeves
키아니 레이	Keeani Lei
킴 나이키	Kim Nike
킴 카다시안	Kim Kardashian
킴 퐁	Kim Phong
킹콩	King Kong
타냐 테이트	Tanya Tate
타미 힐피거	Tommy Hilfiger
타밀나두	Tamil Nadu
타오 디엔	Thảo Điền
타오 위안	TAO YUAN	Đào Viên
타오 응우옌	Thảo Nguyễn
타오위안	Đào Viên
타이 반 렁	Thái Văn Lung
타이 응우옌	Thái Nguyên
타이 차우	Thái Châu
타이난	Đài Nam
타이베이	Đài Bắc
타이빈	Thái Bình
타이중	Đài Trung
타이페이	Đài Bắc
타이페이 써니	Taipei Sunny
타이페이 트리플	Taipei Triple
타임 스퀘어	Times Square
타지키스탄 소비니	Tajikistan Somoni
타히티안 노니	Tahitian Noni
탄 김	Tân Kim
탄 미카	Mika Tan
탄 반	Thanh Vân
탄 손	Tân Sơn
탄 쑤언	Thanh Xuân
탄 지구	Quận Thanh
탄 투이	Thanh Thủy
탄 하	Thanh Hà
탄 하이	Tân Hải
탄 호아이	Thanh Hoài
탄 흐엉	Tân Hương
탄롱	Thanh Long
탄빈	Thanh Bình
탄빈	Tân Bình
탄안	Tân An
탄퐁	Thanh Phong
탄퐁	Tân Phong
탄푸	Tân Phú
탐본시	Tambon Si
탑 루아	Tháp Rùa
탑 바	Tháp Bà
탕롱	Thăng Long
탕산	Đường Sơn
태국	Thái Lan
태드 페인	Tad Fane
태평양	Thái Bình Dương
탬파베이	Tampa Bay
터보 개렛	Turbo Garrett
테오도어 에어	Theodoor Air
테일러 로페스	Taylor Lopes
테일러 스위프트	Taylor Swift
텍사스 홀덤	Texas Holdem
텔 아비브	Tel Aviv
텔록 블랑가	Telok Blangah
톈진 춘위안	Tianjin Chunyuan
토니 라 루사	Tony La Russa
토니 스타크	Tony Stark
토레마르 페리	Phà Toremar
토마스 에디슨	Thomas Edison
토마스 제퍼슨	Thomas Jefferson
토요일	Thứ Bảy
토요일	Thứ Bảy
톤 득 탕	Tôn Đức Thắng
톤덕	Ton Duc
톤부리	Thon Buri
톰 포드	Tom Ford
톱날	Saw Blades
통 나이	Thung Nai
통 나이 판	Thong Nai Pan
통 타니	Thong Thani
투득	Thủ Đức
투르크메니스탄 마나트	Turkmenistan Manat
투안 안	Tuấn Anh
투안 차우	Tuấn Châu
투안빈	Tuấn Vinh
투이 반	Thúy Vân
투이 티엔	Thủy Tiên
퉁 차우	Tùng Châu
트라이 디스트릭트	Tri Quận
트라이어드	Hội Tam Hoàng
트란조텔 방갈로르	Tranzotel Bangalore
트랜스만체 페리	Phà Transmanche
트랜스유로파 페리	Phà Transeuropa
트러스트 월렛	Ví Trust	Trust Wallet
트렌볼론 아세테이트	Trenbolone Acetate
트렌볼론 에난테이트	Trenbolone Enanthate
트리우 즈엉	Triều Dương
트립 리	TRIP LEE
트엉 사	Trường Sa
트엉 안	Trường An
티레니아 페리	Phà Tirrenia
티베트	Tây Tạng
티엔 김	Thiên Kim
티엔 응아	Thiên Nga
티엔 지구	Quận Thiên
티엔안	Thiên An
티엔팟	Thiên Phát
티엔푹	Thiên Phúc
티옹 바루	Tiong Bahru
틱밀 유럽	Tickmill Europe
파나마 발보아	Panaman Balboa
파룬궁	Pháp Luân
파룬궁	Pháp Luân Công
파리 디즈니 랜드	Disneyland Paris
파리보르즈 라키니	Fariborz Lachini
파블로 피카소	Pablo Picasso
파비오 마시모	Fabio Massimo
파스퇴르 연구소	Viện Pasteur
파이푸노 케무리	Paipuno Kemuri
파키스탄	Pakistan
파타야	Pattaya
파푸아 뉴기니	Papua New Guinea
판 보이 차우	Phan Bội Châu
판 티엣	Phan Thiết
판나 헤리티지	Panna Heritage
판시온 마리아	Pansion Maria
판추	Phan Chu
팔라시오 발데라바노스	Palacio Valderrabanos
팔라초 델로	Palazzo Dello
팔로 알토	Palo Alto
팔월	Tháng Tám
팔월	Tháng Tám
팜 비치	Palm Beach
팜스프링스	Suối Palm
팜응라오	Phạm Ngũ Lão
팜팡가 카릴	Pampanga Karylle
팡아	Phang Nga
패리스 힐튼	Paris Hilton
패트릭 영	Patrick Young
팹 갓	Fap Gat
팻 포가티	Pat Fogarty
페넬로페 크루즈	Penelope Cruz
페더럴 웨이	Federal Way
페데리코 베르나르데스키	Federico Bernardeschi
페루 누에보	Peruvír Nuevo
페르난도 요렌테	Fernando Llorente
페르시아 만	Vịnh Ba Tư	Vịnh Ả-rập
페리 스캔라인	Phà Scandlines
페리 칸타루티	Perry Cantarutti
페어리 디킨슨	Fairleigh Dickinson
펜션 그레고리	Pension Gregory
펜션 레샤	Pension Ressha
펜션 아마데우스	Pension Amadeus
펜션 아사히	Pension Asahi
펜조나트 에덴	Pensjonat Eden
펜타곤	Lầu Năm Góc
평양	Bình Nhưỡng
평창 에델바이스	Pyeongchang Edelweiss
포르노 가트	Porn Gat
포르쉐 카이엔	Porsche Cayenne
포르쉐 파나메라	Porsche Panamera
포르투 토레스	Porto Torres
포르투갈	Bồ Đào Nha
포사다 아자하르	Posada Azahar
포산	Phật Sơn
포우사다 비리비리	Pousada Biribiri
포이즌 아이비	Poison Ivy
포춘 히야	Fortune Hiya
포트 로더데일	Fort Lauderdale
포트 마이어스	Fort Myers
포트 워스	Fort Worth
포트 콜린스	Fort Collins
포트웨인	Fort Wayne
폭탄 방해기	Bomb Jammer
폴	Thánh Phaolô
폴 루터란	Paul Lutheran
폴란드	Ba Lan
폴카 도트	Polka Dot
퐁 부 투	Phong Vũ Tứ
퐁냐	Phong Nha
푸꾸옥	Phú Quốc
푸누안	Phú Nhuận
푸동	Pudong	Phố Đông	Phố Đông Tân Khu
푸동 신쿠	Phố Đông	Pudong Xinqu
푸록	Phú Lộc
푸미	Phú Mỹ
푸미흥	Phú Mỹ Hưng
푸시 산	Núi Phú Sĩ
푸에르토 나탈레스	Puerto Natales
푸에르토 리코	Puerto Rico
푸에르토 발라타	Puerto Vallarta
푸옥록	Phước Lộc
푸옥탄	Phuoc Thanh
푸옥하이	Phước Hải
푸옹 안	Phương Anh
푸옹 투이	Phương Thúy
푸하이	Phú Hải
푹 로이	Phúc Lợi
푹 차우	Phúc Châu
푹토 지구	Huyện Phúc Thọ
푼사 서비스드	Poonsa Serviced
풀만 다낭	Pullman Danang
풍황	Phụng Hoàng
퓨어 머스크	Pure Musk
프놈펜	Phnôm Pênh	Phnom Penh
프라 나콘	Phra Nakhon
프라 밧	Phra Bat
프라 수코타이	Phrae Sukhothai
프라하 골든	Prague Golden
프란체스카 르	Francesca Le
프랑스	Pháp
프랑코 콩고	Franco Congo
프랭크 시나트라	Frank Sinatra
프랭클린 파크	Franklin Park
프랭키 스타인	Frankie Stein
프레드 올슨	Fred Olsen
프레스티지오 멀티폰	Prestigio MultiPhone
프리 안키	Pri Ancki
프리야 라이	Priya Rai
프리저 아일랜드	Đảo Freezer
플라스틱 배럴	Nhựa Thùng
플라잉 블레이드 게이트	Phi Đao Môn
피닉스 마리	Phoenix Marie
피델 카스트로	Fidel Castro
피라미드	Kim Tự Tháp
피레 마푸	Pire Mapu
피에조 세라믹	Piezo Ceramic
피엔응우	Phiên Ngung
피콜로 푸도	Piccolo Feudo
피콜리노 하이드	Piccolino Hyde
피터 다이	Peter Đại
피터 팬	Peter Pan
피피	Phi Phi
핀란드	Phần Lan
필리핀	Philippines
필리핀항공	Philippine Airlines
필립 아일랜드	Phillip Island
핑둥	Bình Đông
핑야오 바이창홍	Pingyao Baichanghong
핑야오 자신	Pingyao Jiaxin
하 히엔	Hà Hiền
하나님	Thiên Chúa	Chúa Trời	Đức Chúa Trời	Thượng Đế	Đức Chúa
하남	Hà Nam
하노이	Hà Nội
하롱	Hạ Long
하롱 베이	Vịnh Hạ Long
하루카제 에미	Emi Harukaze
하르	Cáp Nhĩ
하모니 로즈	Harmony Rose
하미	Hà My
하바나 신	Havana Sin
하얏트 리젠시	Hyatt Regency
하얼빈	Cáp Nhĩ Tân
하오 안	Hào Anh
하우스 슈트루첸베르거	Haus Strutzenberger
하우스텐	Huis Ten
하우장	Hậu Giang
하워드 존슨	Howard Johnson
하워드 휴즈	Howard Hughes
하이 베이	High Bay
하이 차우	Hải Châu
하이 투	Hải Thự
하이난	Hải Nam
하이바쭝	Hai Bà Trưng
하이주 구	Hải Châu
하이주 구	Quận Haizhu
하이즈엉	Hải Dương
하이퐁	Hải Phòng
하인즈 프랙츠	Heinz Fractz
하지 레인	Haji Lane
하코네 고라	Hakone Gora
하코네 고와키엔	Hakone Kowakien
하코네 유모토	Hakone Yumoto
하포드 카운티	Harford County
한강	Sông Hàn
한나 몬타나	Hannah Montana
한나 하퍼	Hannah Harper
한나 힐튼	Hannah Hilton
한스 코트케	Hans Kottke
한탄	Hán Thanh
한팅 익스프레스	Hanting Express
할리 데이비슨	Harley Davidson
할리 퀸	Harley Quinn
핫스팟 쉴드	Hotspot Shield
항저우	Hàng Châu
해리 S. 트루먼	Harry S. Truman
해리 포터	Harry Potter
해왕성	Sao Hải
허난	Hà Nam
허베이	Hà Bắc
허페이	Hợp Phì
헝가리어	Hungary
헝수이	Hành Thủy
헤나 멘디	Henna Mehndi
헤더 스타렛	Heather Starlet
헤리티지 파크	Heritage Park
헤스코 바스티온	Hesco Bastion
헤이즈 밸리	Hayes Valley
헨더슨 웨이브	Henderson Waves
헨리 8세	Henry VIII
헨리 데이비드 소로	Henry David Thoreau
헨리 포드	Henry Ford
헬레나 본햄 카터	Helena Bonham Carter
호 타그바	Ho Taghva
호 트램	Hồ Tràm
호르헤 루이스	Jorge Luis
호세이대학	Hosei University	Trường Đại học Hosei
호스니 무바라크	Hosni Mubarak
호아빈	Hòa Bình
호아푸옹	Hoa Phượng
호아하이	Hòa Hải
호안끼엠	Hoàn Kiếm
호안끼엠 호수	Hồ Hoàn Kiếm
호앙 둥	Hoàng Dung
호앙 디우	Hoàng Diệu
호앙 안	Hoàng Anh
호앙 응우옌	Hoàng Nguyễn
호앙 지구	Quận Hoàng
호앙꾸옥	Hoàng Quốc
호앙꾸옥 비엣	Hoàng Quốc Việt
호앙롱	Hoàng Long
호이안	Hội An
호이안	Hội An
호주	Châu Úc
호주	Nước Úc
호주 바레인	Úc Bahrain
호치민	Hồ Chí Minh
호치민시티	Thành phố Hồ Chí Minh
호파	Haw Par
홀리 할스턴	Holly Halston
홋카이도 시코쿠	Hokkaido Shikoku
홍 응옥	Hồng Ngọc
홍 치앙	Hong Chiang
홍뚜옹	Hồng Tưởng
홍비나	Hong Vina
홍빈	Hong Bin
홍자오	Hồng Giao
홍지압	Hồng Giáp
홍콩	Hồng Kông
홍화	Hoa Hồng
화난 그란	Angry Gran
화두구	Quận Huadu
화롄시	Hualien City
화미 어메이즈핏	Huami Amazfit
화요일	Thứ Ba
화웨이 노바	Huawei Nova
화웨이 소비자	Huawei Consumer
화이트 월드 아너드 원	Bạch Thế Tôn
황민	Hoàng Minh
황산 톈두	Huangshan Tiandu
황산살부타몰	Salbutamol Sulfate
황응옥	Hoàng Ngọc
황풍	Hoàng Phụng
황하	Hoàng Hà
후가파이	Hugga Pai
후난	Hồ Nam
후베이	Hồ Bắc
후아힌	Hua Hin
후안 마누엘	Juan Manuel
후안 카를로스	Juan Carlos
후이 호앙	Huy Hoàng
후이 저우	Huệ Châu
후지	Phú Sĩ
후지 온천지	Fuji Onsenji
후진타오	Hồ Cẩm Đào
후쿠시마현	Tỉnh Fukushima
훙 브엉	Hùng Vương
휘트니 휴스턴	Whitney Houston
흐무브 도	Hmoob Daw
흐엉 센	Hương Sen
흐엉장	Hương Giang
히라노 마리오	Mario Hirano
히렌 솔란키	Hiren Solanki
히메노 아이	Ai Himeno
힐러리 더프	Hilary Duff
힐러리 로드햄 클린턴	Hillary Rodham Clinton
힐러리 클린턴	Hillary Clinton
힐튼 가든	Hilton Garden
힐튼 싼야	Hilton Sanya
힐튼 헤드 아일랜드	Hilton Head Island
